openmp, 1, 1, 0, 512, 4, 4, 1024, 1024, 1024, 2.954255
openmp, 1, 1, 0, 512, 5, 4, 1024, 1024, 1024, 2.545154
openmp, 1, 1, 0, 512, 6, 4, 1024, 1024, 1024, 2.551821
openmp, 1, 1, 0, 512, 7, 4, 1024, 1024, 1024, 2.534070
openmp, 1, 1, 0, 512, 8, 4, 1024, 1024, 1024, 2.549268
openmp, 1, 1, 0, 512, 9, 4, 1024, 1024, 1024, 2.548262
openmp, 1, 1, 0, 512, 10, 4, 1024, 1024, 1024, 2.542500
openmp, 1, 1, 0, 512, 11, 4, 1024, 1024, 1024, 2.550041
openmp, 1, 1, 0, 512, 12, 4, 1024, 1024, 1024, 2.528560
openmp, 1, 1, 0, 512, 13, 4, 1024, 1024, 1024, 2.751635
openmp, 1, 1, 0, 512, 14, 4, 1024, 1024, 1024, 2.547112
openmp, 1, 1, 0, 512, 15, 4, 1024, 1024, 1024, 2.545510
openmp, 1, 1, 0, 512, 16, 4, 1024, 1024, 1024, 2.545908
openmp, 1, 1, 0, 512, 17, 4, 1024, 1024, 1024, 2.692854
openmp, 1, 1, 0, 512, 18, 4, 1024, 1024, 1024, 2.686767
openmp, 1, 1, 0, 512, 19, 4, 1024, 1024, 1024, 2.549847
openmp, 1, 1, 0, 512, 20, 4, 1024, 1024, 1024, 2.545273
openmp, 1, 1, 0, 512, 21, 4, 1024, 1024, 1024, 2.543793
openmp, 1, 1, 0, 512, 22, 4, 1024, 1024, 1024, 2.541207
openmp, 1, 1, 0, 512, 23, 4, 1024, 1024, 1024, 2.545210
openmp, 1, 1, 0, 512, 24, 4, 1024, 1024, 1024, 2.742457
openmp, 1, 1, 0, 512, 25, 4, 1024, 1024, 1024, 2.539090
openmp, 1, 1, 0, 512, 26, 4, 1024, 1024, 1024, 2.545872
openmp, 1, 1, 0, 512, 27, 4, 1024, 1024, 1024, 2.538872
openmp, 1, 1, 0, 512, 28, 4, 1024, 1024, 1024, 2.547146
openmp, 1, 1, 0, 512, 29, 4, 1024, 1024, 1024, 2.540268
openmp, 1, 1, 0, 512, 30, 4, 1024, 1024, 1024, 2.549727
openmp, 1, 1, 0, 512, 31, 4, 1024, 1024, 1024, 2.546453
openmp, 1, 1, 0, 512, 32, 4, 1024, 1024, 1024, 2.545142
openmp, 1, 1, 0, 512, 4, 8, 1024, 1024, 1024, 2.183351
openmp, 1, 1, 0, 512, 5, 8, 1024, 1024, 1024, 1.990977
openmp, 1, 1, 0, 512, 6, 8, 1024, 1024, 1024, 1.991354
openmp, 1, 1, 0, 512, 7, 8, 1024, 1024, 1024, 1.992714
openmp, 1, 1, 0, 512, 8, 8, 1024, 1024, 1024, 2.277083
openmp, 1, 1, 0, 512, 9, 8, 1024, 1024, 1024, 1.991757
openmp, 1, 1, 0, 512, 10, 8, 1024, 1024, 1024, 1.992975
openmp, 1, 1, 0, 512, 11, 8, 1024, 1024, 1024, 1.991935
openmp, 1, 1, 0, 512, 12, 8, 1024, 1024, 1024, 1.992446
openmp, 1, 1, 0, 512, 13, 8, 1024, 1024, 1024, 1.991301
openmp, 1, 1, 0, 512, 14, 8, 1024, 1024, 1024, 2.028490
openmp, 1, 1, 0, 512, 15, 8, 1024, 1024, 1024, 1.992620
openmp, 1, 1, 0, 512, 16, 8, 1024, 1024, 1024, 2.161738
openmp, 1, 1, 0, 512, 17, 8, 1024, 1024, 1024, 1.992175
openmp, 1, 1, 0, 512, 18, 8, 1024, 1024, 1024, 1.993418
openmp, 1, 1, 0, 512, 19, 8, 1024, 1024, 1024, 1.993594
openmp, 1, 1, 0, 512, 20, 8, 1024, 1024, 1024, 2.165375
openmp, 1, 1, 0, 512, 21, 8, 1024, 1024, 1024, 2.079694
openmp, 1, 1, 0, 512, 22, 8, 1024, 1024, 1024, 1.992664
openmp, 1, 1, 0, 512, 23, 8, 1024, 1024, 1024, 1.993757
openmp, 1, 1, 0, 512, 24, 8, 1024, 1024, 1024, 1.993680
openmp, 1, 1, 0, 512, 25, 8, 1024, 1024, 1024, 1.992234
openmp, 1, 1, 0, 512, 26, 8, 1024, 1024, 1024, 2.097258
openmp, 1, 1, 0, 512, 27, 8, 1024, 1024, 1024, 1.992647
openmp, 1, 1, 0, 512, 28, 8, 1024, 1024, 1024, 1.993531
openmp, 1, 1, 0, 512, 29, 8, 1024, 1024, 1024, 1.992294
openmp, 1, 1, 0, 512, 30, 8, 1024, 1024, 1024, 1.995774
openmp, 1, 1, 0, 512, 31, 8, 1024, 1024, 1024, 1.993921
openmp, 1, 1, 0, 512, 32, 8, 1024, 1024, 1024, 2.157669
openmp, 1, 1, 0, 512, 4, 16, 1024, 1024, 1024, 1.887349
openmp, 1, 1, 0, 512, 5, 16, 1024, 1024, 1024, 1.884744
openmp, 1, 1, 0, 512, 6, 16, 1024, 1024, 1024, 1.886040
openmp, 1, 1, 0, 512, 7, 16, 1024, 1024, 1024, 1.885026
openmp, 1, 1, 0, 512, 8, 16, 1024, 1024, 1024, 1.886159
openmp, 1, 1, 0, 512, 9, 16, 1024, 1024, 1024, 1.886879
openmp, 1, 1, 0, 512, 10, 16, 1024, 1024, 1024, 1.885453
openmp, 1, 1, 0, 512, 11, 16, 1024, 1024, 1024, 1.895025
openmp, 1, 1, 0, 512, 12, 16, 1024, 1024, 1024, 1.887490
openmp, 1, 1, 0, 512, 13, 16, 1024, 1024, 1024, 1.886022
openmp, 1, 1, 0, 512, 14, 16, 1024, 1024, 1024, 1.889147
openmp, 1, 1, 0, 512, 15, 16, 1024, 1024, 1024, 1.890384
openmp, 1, 1, 0, 512, 16, 16, 1024, 1024, 1024, 1.886282
openmp, 1, 1, 0, 512, 17, 16, 1024, 1024, 1024, 1.889514
openmp, 1, 1, 0, 512, 18, 16, 1024, 1024, 1024, 2.212480
openmp, 1, 1, 0, 512, 19, 16, 1024, 1024, 1024, 1.982006
openmp, 1, 1, 0, 512, 20, 16, 1024, 1024, 1024, 1.890397
openmp, 1, 1, 0, 512, 21, 16, 1024, 1024, 1024, 1.889406
openmp, 1, 1, 0, 512, 22, 16, 1024, 1024, 1024, 1.886804
openmp, 1, 1, 0, 512, 23, 16, 1024, 1024, 1024, 2.025633
openmp, 1, 1, 0, 512, 24, 16, 1024, 1024, 1024, 1.992766
openmp, 1, 1, 0, 512, 25, 16, 1024, 1024, 1024, 1.886871
openmp, 1, 1, 0, 512, 26, 16, 1024, 1024, 1024, 1.887898
openmp, 1, 1, 0, 512, 27, 16, 1024, 1024, 1024, 1.962335
openmp, 1, 1, 0, 512, 28, 16, 1024, 1024, 1024, 1.885675
openmp, 1, 1, 0, 512, 29, 16, 1024, 1024, 1024, 2.036776
openmp, 1, 1, 0, 512, 30, 16, 1024, 1024, 1024, 1.890040
openmp, 1, 1, 0, 512, 31, 16, 1024, 1024, 1024, 1.886033
openmp, 1, 1, 0, 512, 32, 16, 1024, 1024, 1024, 1.886842
openmp, 1, 1, 0, 512, 4, 20, 1024, 1024, 1024, 1.894227
openmp, 1, 1, 0, 512, 5, 20, 1024, 1024, 1024, 1.889687
openmp, 1, 1, 0, 512, 6, 20, 1024, 1024, 1024, 1.890829
openmp, 1, 1, 0, 512, 7, 20, 1024, 1024, 1024, 1.891480
openmp, 1, 1, 0, 512, 8, 20, 1024, 1024, 1024, 1.893423
openmp, 1, 1, 0, 512, 9, 20, 1024, 1024, 1024, 1.890338
openmp, 1, 1, 0, 512, 10, 20, 1024, 1024, 1024, 1.891306
openmp, 1, 1, 0, 512, 11, 20, 1024, 1024, 1024, 1.892262
openmp, 1, 1, 0, 512, 12, 20, 1024, 1024, 1024, 1.891726
openmp, 1, 1, 0, 512, 13, 20, 1024, 1024, 1024, 1.957353
openmp, 1, 1, 0, 512, 14, 20, 1024, 1024, 1024, 1.891979
openmp, 1, 1, 0, 512, 15, 20, 1024, 1024, 1024, 1.890978
openmp, 1, 1, 0, 512, 16, 20, 1024, 1024, 1024, 1.890712
openmp, 1, 1, 0, 512, 17, 20, 1024, 1024, 1024, 1.892693
openmp, 1, 1, 0, 512, 18, 20, 1024, 1024, 1024, 1.893551
openmp, 1, 1, 0, 512, 19, 20, 1024, 1024, 1024, 1.894002
openmp, 1, 1, 0, 512, 20, 20, 1024, 1024, 1024, 1.892794
openmp, 1, 1, 0, 512, 21, 20, 1024, 1024, 1024, 1.892348
openmp, 1, 1, 0, 512, 22, 20, 1024, 1024, 1024, 1.890923
openmp, 1, 1, 0, 512, 23, 20, 1024, 1024, 1024, 2.032128
openmp, 1, 1, 0, 512, 24, 20, 1024, 1024, 1024, 1.892666
openmp, 1, 1, 0, 512, 25, 20, 1024, 1024, 1024, 1.892210
openmp, 1, 1, 0, 512, 26, 20, 1024, 1024, 1024, 1.890362
openmp, 1, 1, 0, 512, 27, 20, 1024, 1024, 1024, 1.893214
openmp, 1, 1, 0, 512, 28, 20, 1024, 1024, 1024, 2.046869
openmp, 1, 1, 0, 512, 29, 20, 1024, 1024, 1024, 1.891894
openmp, 1, 1, 0, 512, 30, 20, 1024, 1024, 1024, 1.891850
openmp, 1, 1, 0, 512, 31, 20, 1024, 1024, 1024, 1.892406
openmp, 1, 1, 0, 512, 32, 20, 1024, 1024, 1024, 1.892506
openmp, 1, 1, 0, 512, 4, 24, 1024, 1024, 1024, 1.995363
openmp, 1, 1, 0, 512, 5, 24, 1024, 1024, 1024, 1.915963
openmp, 1, 1, 0, 512, 6, 24, 1024, 1024, 1024, 1.919358
openmp, 1, 1, 0, 512, 7, 24, 1024, 1024, 1024, 1.914771
openmp, 1, 1, 0, 512, 8, 24, 1024, 1024, 1024, 1.917232
openmp, 1, 1, 0, 512, 9, 24, 1024, 1024, 1024, 2.098977
openmp, 1, 1, 0, 512, 10, 24, 1024, 1024, 1024, 1.918205
openmp, 1, 1, 0, 512, 11, 24, 1024, 1024, 1024, 1.919164
openmp, 1, 1, 0, 512, 12, 24, 1024, 1024, 1024, 1.917678
openmp, 1, 1, 0, 512, 13, 24, 1024, 1024, 1024, 1.916791
openmp, 1, 1, 0, 512, 14, 24, 1024, 1024, 1024, 1.999081
openmp, 1, 1, 0, 512, 15, 24, 1024, 1024, 1024, 1.914186
openmp, 1, 1, 0, 512, 16, 24, 1024, 1024, 1024, 1.916899
openmp, 1, 1, 0, 512, 17, 24, 1024, 1024, 1024, 1.916286
openmp, 1, 1, 0, 512, 18, 24, 1024, 1024, 1024, 1.914382
openmp, 1, 1, 0, 512, 19, 24, 1024, 1024, 1024, 2.112391
openmp, 1, 1, 0, 512, 20, 24, 1024, 1024, 1024, 1.996228
openmp, 1, 1, 0, 512, 21, 24, 1024, 1024, 1024, 1.917685
openmp, 1, 1, 0, 512, 22, 24, 1024, 1024, 1024, 1.914569
openmp, 1, 1, 0, 512, 23, 24, 1024, 1024, 1024, 1.916285
openmp, 1, 1, 0, 512, 24, 24, 1024, 1024, 1024, 2.036009
openmp, 1, 1, 0, 512, 25, 24, 1024, 1024, 1024, 2.012054
openmp, 1, 1, 0, 512, 26, 24, 1024, 1024, 1024, 1.917981
openmp, 1, 1, 0, 512, 27, 24, 1024, 1024, 1024, 1.913769
openmp, 1, 1, 0, 512, 28, 24, 1024, 1024, 1024, 1.914820
openmp, 1, 1, 0, 512, 29, 24, 1024, 1024, 1024, 1.994566
openmp, 1, 1, 0, 512, 30, 24, 1024, 1024, 1024, 2.005162
openmp, 1, 1, 0, 512, 31, 24, 1024, 1024, 1024, 1.916018
openmp, 1, 1, 0, 512, 32, 24, 1024, 1024, 1024, 1.914423
openmp, 1, 1, 0, 512, 4, 28, 1024, 1024, 1024, 1.906958
openmp, 1, 1, 0, 512, 5, 28, 1024, 1024, 1024, 1.910742
openmp, 1, 1, 0, 512, 6, 28, 1024, 1024, 1024, 1.917805
openmp, 1, 1, 0, 512, 7, 28, 1024, 1024, 1024, 1.907793
openmp, 1, 1, 0, 512, 8, 28, 1024, 1024, 1024, 1.915024
openmp, 1, 1, 0, 512, 9, 28, 1024, 1024, 1024, 1.918047
openmp, 1, 1, 0, 512, 10, 28, 1024, 1024, 1024, 1.915489
openmp, 1, 1, 0, 512, 11, 28, 1024, 1024, 1024, 1.913561
openmp, 1, 1, 0, 512, 12, 28, 1024, 1024, 1024, 1.910761
openmp, 1, 1, 0, 512, 13, 28, 1024, 1024, 1024, 1.906263
openmp, 1, 1, 0, 512, 14, 28, 1024, 1024, 1024, 1.915057
openmp, 1, 1, 0, 512, 15, 28, 1024, 1024, 1024, 1.908284
openmp, 1, 1, 0, 512, 16, 28, 1024, 1024, 1024, 1.911473
openmp, 1, 1, 0, 512, 17, 28, 1024, 1024, 1024, 1.907855
openmp, 1, 1, 0, 512, 18, 28, 1024, 1024, 1024, 1.910220
openmp, 1, 1, 0, 512, 19, 28, 1024, 1024, 1024, 1.928077
openmp, 1, 1, 0, 512, 20, 28, 1024, 1024, 1024, 1.912957
openmp, 1, 1, 0, 512, 21, 28, 1024, 1024, 1024, 1.991209
openmp, 1, 1, 0, 512, 22, 28, 1024, 1024, 1024, 1.915808
openmp, 1, 1, 0, 512, 23, 28, 1024, 1024, 1024, 1.908091
openmp, 1, 1, 0, 512, 24, 28, 1024, 1024, 1024, 1.914897
openmp, 1, 1, 0, 512, 25, 28, 1024, 1024, 1024, 1.904775
openmp, 1, 1, 0, 512, 26, 28, 1024, 1024, 1024, 1.956854
openmp, 1, 1, 0, 512, 27, 28, 1024, 1024, 1024, 1.908202
openmp, 1, 1, 0, 512, 28, 28, 1024, 1024, 1024, 1.968432
openmp, 1, 1, 0, 512, 29, 28, 1024, 1024, 1024, 1.909977
openmp, 1, 1, 0, 512, 30, 28, 1024, 1024, 1024, 1.916421
openmp, 1, 1, 0, 512, 31, 28, 1024, 1024, 1024, 1.912966
openmp, 1, 1, 0, 512, 32, 28, 1024, 1024, 1024, 1.997463
openmp, 1, 1, 0, 512, 4, 32, 1024, 1024, 1024, 2.070820
openmp, 1, 1, 0, 512, 5, 32, 1024, 1024, 1024, 2.127697
openmp, 1, 1, 0, 512, 6, 32, 1024, 1024, 1024, 2.081745
openmp, 1, 1, 0, 512, 7, 32, 1024, 1024, 1024, 2.265246
openmp, 1, 1, 0, 512, 8, 32, 1024, 1024, 1024, 2.073122
openmp, 1, 1, 0, 512, 9, 32, 1024, 1024, 1024, 2.071820
openmp, 1, 1, 0, 512, 10, 32, 1024, 1024, 1024, 2.074554
openmp, 1, 1, 0, 512, 11, 32, 1024, 1024, 1024, 2.092839
openmp, 1, 1, 0, 512, 12, 32, 1024, 1024, 1024, 2.096942
openmp, 1, 1, 0, 512, 13, 32, 1024, 1024, 1024, 2.076489
openmp, 1, 1, 0, 512, 14, 32, 1024, 1024, 1024, 2.107554
openmp, 1, 1, 0, 512, 15, 32, 1024, 1024, 1024, 2.086909
openmp, 1, 1, 0, 512, 16, 32, 1024, 1024, 1024, 2.066032
openmp, 1, 1, 0, 512, 17, 32, 1024, 1024, 1024, 2.074803
openmp, 1, 1, 0, 512, 18, 32, 1024, 1024, 1024, 2.074221
openmp, 1, 1, 0, 512, 19, 32, 1024, 1024, 1024, 2.062387
openmp, 1, 1, 0, 512, 20, 32, 1024, 1024, 1024, 2.074365
openmp, 1, 1, 0, 512, 21, 32, 1024, 1024, 1024, 2.076681
openmp, 1, 1, 0, 512, 22, 32, 1024, 1024, 1024, 2.064359
openmp, 1, 1, 0, 512, 23, 32, 1024, 1024, 1024, 2.070015
openmp, 1, 1, 0, 512, 24, 32, 1024, 1024, 1024, 2.063208
openmp, 1, 1, 0, 512, 25, 32, 1024, 1024, 1024, 2.063204
openmp, 1, 1, 0, 512, 26, 32, 1024, 1024, 1024, 2.079479
openmp, 1, 1, 0, 512, 27, 32, 1024, 1024, 1024, 2.185286
openmp, 1, 1, 0, 512, 28, 32, 1024, 1024, 1024, 2.236613
openmp, 1, 1, 0, 512, 29, 32, 1024, 1024, 1024, 2.059251
openmp, 1, 1, 0, 512, 30, 32, 1024, 1024, 1024, 2.081461
openmp, 1, 1, 0, 512, 31, 32, 1024, 1024, 1024, 2.069101
openmp, 1, 1, 0, 512, 32, 32, 1024, 1024, 1024, 2.070938
openmp, 1, 1, 0, 640, 4, 4, 1024, 1024, 1024, 2.548696
openmp, 1, 1, 0, 640, 5, 4, 1024, 1024, 1024, 2.548976
openmp, 1, 1, 0, 640, 6, 4, 1024, 1024, 1024, 2.611968
openmp, 1, 1, 0, 640, 7, 4, 1024, 1024, 1024, 2.546935
openmp, 1, 1, 0, 640, 8, 4, 1024, 1024, 1024, 2.547894
openmp, 1, 1, 0, 640, 9, 4, 1024, 1024, 1024, 2.548120
openmp, 1, 1, 0, 640, 10, 4, 1024, 1024, 1024, 2.687743
openmp, 1, 1, 0, 640, 11, 4, 1024, 1024, 1024, 2.545578
openmp, 1, 1, 0, 640, 12, 4, 1024, 1024, 1024, 2.548085
openmp, 1, 1, 0, 640, 13, 4, 1024, 1024, 1024, 2.546004
openmp, 1, 1, 0, 640, 14, 4, 1024, 1024, 1024, 2.543740
openmp, 1, 1, 0, 640, 15, 4, 1024, 1024, 1024, 2.547025
openmp, 1, 1, 0, 640, 16, 4, 1024, 1024, 1024, 2.546850
openmp, 1, 1, 0, 640, 17, 4, 1024, 1024, 1024, 2.542495
openmp, 1, 1, 0, 640, 18, 4, 1024, 1024, 1024, 2.540924
openmp, 1, 1, 0, 640, 19, 4, 1024, 1024, 1024, 2.546263
openmp, 1, 1, 0, 640, 20, 4, 1024, 1024, 1024, 2.543446
openmp, 1, 1, 0, 640, 21, 4, 1024, 1024, 1024, 2.546606
openmp, 1, 1, 0, 640, 22, 4, 1024, 1024, 1024, 2.539825
openmp, 1, 1, 0, 640, 23, 4, 1024, 1024, 1024, 2.542362
openmp, 1, 1, 0, 640, 24, 4, 1024, 1024, 1024, 2.547675
openmp, 1, 1, 0, 640, 25, 4, 1024, 1024, 1024, 2.541809
openmp, 1, 1, 0, 640, 26, 4, 1024, 1024, 1024, 2.539722
openmp, 1, 1, 0, 640, 27, 4, 1024, 1024, 1024, 2.540707
openmp, 1, 1, 0, 640, 28, 4, 1024, 1024, 1024, 2.547325
openmp, 1, 1, 0, 640, 29, 4, 1024, 1024, 1024, 2.547785
openmp, 1, 1, 0, 640, 30, 4, 1024, 1024, 1024, 2.547860
openmp, 1, 1, 0, 640, 31, 4, 1024, 1024, 1024, 2.548335
openmp, 1, 1, 0, 640, 32, 4, 1024, 1024, 1024, 2.545416
openmp, 1, 1, 0, 640, 4, 8, 1024, 1024, 1024, 1.992277
openmp, 1, 1, 0, 640, 5, 8, 1024, 1024, 1024, 1.991938
openmp, 1, 1, 0, 640, 6, 8, 1024, 1024, 1024, 1.991947
openmp, 1, 1, 0, 640, 7, 8, 1024, 1024, 1024, 1.995588
openmp, 1, 1, 0, 640, 8, 8, 1024, 1024, 1024, 1.995226
openmp, 1, 1, 0, 640, 9, 8, 1024, 1024, 1024, 1.993054
openmp, 1, 1, 0, 640, 10, 8, 1024, 1024, 1024, 1.995756
openmp, 1, 1, 0, 640, 11, 8, 1024, 1024, 1024, 1.993508
openmp, 1, 1, 0, 640, 12, 8, 1024, 1024, 1024, 1.992799
openmp, 1, 1, 0, 640, 13, 8, 1024, 1024, 1024, 1.994872
openmp, 1, 1, 0, 640, 14, 8, 1024, 1024, 1024, 1.991535
openmp, 1, 1, 0, 640, 15, 8, 1024, 1024, 1024, 1.996241
openmp, 1, 1, 0, 640, 16, 8, 1024, 1024, 1024, 1.994778
openmp, 1, 1, 0, 640, 17, 8, 1024, 1024, 1024, 1.993729
openmp, 1, 1, 0, 640, 18, 8, 1024, 1024, 1024, 1.996247
openmp, 1, 1, 0, 640, 19, 8, 1024, 1024, 1024, 1.995251
openmp, 1, 1, 0, 640, 20, 8, 1024, 1024, 1024, 1.994529
openmp, 1, 1, 0, 640, 21, 8, 1024, 1024, 1024, 1.995356
openmp, 1, 1, 0, 640, 22, 8, 1024, 1024, 1024, 1.994619
openmp, 1, 1, 0, 640, 23, 8, 1024, 1024, 1024, 1.996021
openmp, 1, 1, 0, 640, 24, 8, 1024, 1024, 1024, 1.996281
openmp, 1, 1, 0, 640, 25, 8, 1024, 1024, 1024, 1.993694
openmp, 1, 1, 0, 640, 26, 8, 1024, 1024, 1024, 1.997243
openmp, 1, 1, 0, 640, 27, 8, 1024, 1024, 1024, 1.994793
openmp, 1, 1, 0, 640, 28, 8, 1024, 1024, 1024, 1.994938
openmp, 1, 1, 0, 640, 29, 8, 1024, 1024, 1024, 1.996153
openmp, 1, 1, 0, 640, 30, 8, 1024, 1024, 1024, 1.995374
openmp, 1, 1, 0, 640, 31, 8, 1024, 1024, 1024, 1.999009
openmp, 1, 1, 0, 640, 32, 8, 1024, 1024, 1024, 1.996672
openmp, 1, 1, 0, 640, 4, 16, 1024, 1024, 1024, 1.882321
openmp, 1, 1, 0, 640, 5, 16, 1024, 1024, 1024, 1.963593
openmp, 1, 1, 0, 640, 6, 16, 1024, 1024, 1024, 1.883590
openmp, 1, 1, 0, 640, 7, 16, 1024, 1024, 1024, 1.886974
openmp, 1, 1, 0, 640, 8, 16, 1024, 1024, 1024, 1.885198
openmp, 1, 1, 0, 640, 9, 16, 1024, 1024, 1024, 1.886708
openmp, 1, 1, 0, 640, 10, 16, 1024, 1024, 1024, 1.884138
openmp, 1, 1, 0, 640, 11, 16, 1024, 1024, 1024, 1.886731
openmp, 1, 1, 0, 640, 12, 16, 1024, 1024, 1024, 1.884909
openmp, 1, 1, 0, 640, 13, 16, 1024, 1024, 1024, 1.888015
openmp, 1, 1, 0, 640, 14, 16, 1024, 1024, 1024, 1.884801
openmp, 1, 1, 0, 640, 15, 16, 1024, 1024, 1024, 1.885414
openmp, 1, 1, 0, 640, 16, 16, 1024, 1024, 1024, 1.887007
openmp, 1, 1, 0, 640, 17, 16, 1024, 1024, 1024, 1.887718
openmp, 1, 1, 0, 640, 18, 16, 1024, 1024, 1024, 1.886072
openmp, 1, 1, 0, 640, 19, 16, 1024, 1024, 1024, 1.885164
openmp, 1, 1, 0, 640, 20, 16, 1024, 1024, 1024, 1.885550
openmp, 1, 1, 0, 640, 21, 16, 1024, 1024, 1024, 1.885254
openmp, 1, 1, 0, 640, 22, 16, 1024, 1024, 1024, 1.883396
openmp, 1, 1, 0, 640, 23, 16, 1024, 1024, 1024, 1.889424
openmp, 1, 1, 0, 640, 24, 16, 1024, 1024, 1024, 1.885347
openmp, 1, 1, 0, 640, 25, 16, 1024, 1024, 1024, 1.886622
openmp, 1, 1, 0, 640, 26, 16, 1024, 1024, 1024, 1.887062
openmp, 1, 1, 0, 640, 27, 16, 1024, 1024, 1024, 1.885027
openmp, 1, 1, 0, 640, 28, 16, 1024, 1024, 1024, 1.885126
openmp, 1, 1, 0, 640, 29, 16, 1024, 1024, 1024, 1.884880
openmp, 1, 1, 0, 640, 30, 16, 1024, 1024, 1024, 1.888459
openmp, 1, 1, 0, 640, 31, 16, 1024, 1024, 1024, 1.884791
openmp, 1, 1, 0, 640, 32, 16, 1024, 1024, 1024, 1.887459
openmp, 1, 1, 0, 640, 4, 20, 1024, 1024, 1024, 1.889408
openmp, 1, 1, 0, 640, 5, 20, 1024, 1024, 1024, 1.892579
openmp, 1, 1, 0, 640, 6, 20, 1024, 1024, 1024, 1.893132
openmp, 1, 1, 0, 640, 7, 20, 1024, 1024, 1024, 1.892992
openmp, 1, 1, 0, 640, 8, 20, 1024, 1024, 1024, 1.893659
openmp, 1, 1, 0, 640, 9, 20, 1024, 1024, 1024, 1.892977
openmp, 1, 1, 0, 640, 10, 20, 1024, 1024, 1024, 1.893997
openmp, 1, 1, 0, 640, 11, 20, 1024, 1024, 1024, 1.893237
openmp, 1, 1, 0, 640, 12, 20, 1024, 1024, 1024, 1.892557
openmp, 1, 1, 0, 640, 13, 20, 1024, 1024, 1024, 1.894403
openmp, 1, 1, 0, 640, 14, 20, 1024, 1024, 1024, 1.893549
openmp, 1, 1, 0, 640, 15, 20, 1024, 1024, 1024, 1.893573
openmp, 1, 1, 0, 640, 16, 20, 1024, 1024, 1024, 1.893972
openmp, 1, 1, 0, 640, 17, 20, 1024, 1024, 1024, 1.893878
openmp, 1, 1, 0, 640, 18, 20, 1024, 1024, 1024, 1.892507
openmp, 1, 1, 0, 640, 19, 20, 1024, 1024, 1024, 1.897547
openmp, 1, 1, 0, 640, 20, 20, 1024, 1024, 1024, 1.895335
openmp, 1, 1, 0, 640, 21, 20, 1024, 1024, 1024, 1.902520
openmp, 1, 1, 0, 640, 22, 20, 1024, 1024, 1024, 1.894391
openmp, 1, 1, 0, 640, 23, 20, 1024, 1024, 1024, 1.901274
openmp, 1, 1, 0, 640, 24, 20, 1024, 1024, 1024, 1.893263
openmp, 1, 1, 0, 640, 25, 20, 1024, 1024, 1024, 1.892783
openmp, 1, 1, 0, 640, 26, 20, 1024, 1024, 1024, 1.893544
openmp, 1, 1, 0, 640, 27, 20, 1024, 1024, 1024, 2.097290
openmp, 1, 1, 0, 640, 28, 20, 1024, 1024, 1024, 1.892064
openmp, 1, 1, 0, 640, 29, 20, 1024, 1024, 1024, 1.893549
openmp, 1, 1, 0, 640, 30, 20, 1024, 1024, 1024, 1.892927
openmp, 1, 1, 0, 640, 31, 20, 1024, 1024, 1024, 1.894180
openmp, 1, 1, 0, 640, 32, 20, 1024, 1024, 1024, 2.051027
openmp, 1, 1, 0, 640, 4, 24, 1024, 1024, 1024, 1.919589
openmp, 1, 1, 0, 640, 5, 24, 1024, 1024, 1024, 1.919099
openmp, 1, 1, 0, 640, 6, 24, 1024, 1024, 1024, 1.922446
openmp, 1, 1, 0, 640, 7, 24, 1024, 1024, 1024, 1.917640
openmp, 1, 1, 0, 640, 8, 24, 1024, 1024, 1024, 1.917543
openmp, 1, 1, 0, 640, 9, 24, 1024, 1024, 1024, 1.926069
openmp, 1, 1, 0, 640, 10, 24, 1024, 1024, 1024, 1.921549
openmp, 1, 1, 0, 640, 11, 24, 1024, 1024, 1024, 1.920749
openmp, 1, 1, 0, 640, 12, 24, 1024, 1024, 1024, 2.109964
openmp, 1, 1, 0, 640, 13, 24, 1024, 1024, 1024, 2.063107
openmp, 1, 1, 0, 640, 14, 24, 1024, 1024, 1024, 1.916415
openmp, 1, 1, 0, 640, 15, 24, 1024, 1024, 1024, 1.922501
openmp, 1, 1, 0, 640, 16, 24, 1024, 1024, 1024, 1.917870
openmp, 1, 1, 0, 640, 17, 24, 1024, 1024, 1024, 1.918738
openmp, 1, 1, 0, 640, 18, 24, 1024, 1024, 1024, 1.919836
openmp, 1, 1, 0, 640, 19, 24, 1024, 1024, 1024, 1.918677
openmp, 1, 1, 0, 640, 20, 24, 1024, 1024, 1024, 1.919594
openmp, 1, 1, 0, 640, 21, 24, 1024, 1024, 1024, 1.915094
openmp, 1, 1, 0, 640, 22, 24, 1024, 1024, 1024, 1.922094
openmp, 1, 1, 0, 640, 23, 24, 1024, 1024, 1024, 1.916214
openmp, 1, 1, 0, 640, 24, 24, 1024, 1024, 1024, 1.916036
openmp, 1, 1, 0, 640, 25, 24, 1024, 1024, 1024, 1.920866
openmp, 1, 1, 0, 640, 26, 24, 1024, 1024, 1024, 1.916500
openmp, 1, 1, 0, 640, 27, 24, 1024, 1024, 1024, 1.918537
openmp, 1, 1, 0, 640, 28, 24, 1024, 1024, 1024, 1.918707
openmp, 1, 1, 0, 640, 29, 24, 1024, 1024, 1024, 1.918151
openmp, 1, 1, 0, 640, 30, 24, 1024, 1024, 1024, 1.915629
openmp, 1, 1, 0, 640, 31, 24, 1024, 1024, 1024, 1.944906
openmp, 1, 1, 0, 640, 32, 24, 1024, 1024, 1024, 1.917814
openmp, 1, 1, 0, 640, 4, 28, 1024, 1024, 1024, 1.909374
openmp, 1, 1, 0, 640, 5, 28, 1024, 1024, 1024, 1.908785
openmp, 1, 1, 0, 640, 6, 28, 1024, 1024, 1024, 1.914014
openmp, 1, 1, 0, 640, 7, 28, 1024, 1024, 1024, 1.907427
openmp, 1, 1, 0, 640, 8, 28, 1024, 1024, 1024, 1.914482
openmp, 1, 1, 0, 640, 9, 28, 1024, 1024, 1024, 1.909669
openmp, 1, 1, 0, 640, 10, 28, 1024, 1024, 1024, 1.913807
openmp, 1, 1, 0, 640, 11, 28, 1024, 1024, 1024, 1.914302
openmp, 1, 1, 0, 640, 12, 28, 1024, 1024, 1024, 1.923476
openmp, 1, 1, 0, 640, 13, 28, 1024, 1024, 1024, 1.916122
openmp, 1, 1, 0, 640, 14, 28, 1024, 1024, 1024, 1.908879
openmp, 1, 1, 0, 640, 15, 28, 1024, 1024, 1024, 1.917091
openmp, 1, 1, 0, 640, 16, 28, 1024, 1024, 1024, 1.908921
openmp, 1, 1, 0, 640, 17, 28, 1024, 1024, 1024, 1.910802
openmp, 1, 1, 0, 640, 18, 28, 1024, 1024, 1024, 1.905895
openmp, 1, 1, 0, 640, 19, 28, 1024, 1024, 1024, 1.913425
openmp, 1, 1, 0, 640, 20, 28, 1024, 1024, 1024, 1.907795
openmp, 1, 1, 0, 640, 21, 28, 1024, 1024, 1024, 1.919528
openmp, 1, 1, 0, 640, 22, 28, 1024, 1024, 1024, 1.907046
openmp, 1, 1, 0, 640, 23, 28, 1024, 1024, 1024, 1.912190
openmp, 1, 1, 0, 640, 24, 28, 1024, 1024, 1024, 1.990814
openmp, 1, 1, 0, 640, 25, 28, 1024, 1024, 1024, 1.908721
openmp, 1, 1, 0, 640, 26, 28, 1024, 1024, 1024, 1.912024
openmp, 1, 1, 0, 640, 27, 28, 1024, 1024, 1024, 1.910387
openmp, 1, 1, 0, 640, 28, 28, 1024, 1024, 1024, 1.904866
openmp, 1, 1, 0, 640, 29, 28, 1024, 1024, 1024, 2.057563
openmp, 1, 1, 0, 640, 30, 28, 1024, 1024, 1024, 1.908538
openmp, 1, 1, 0, 640, 31, 28, 1024, 1024, 1024, 1.910110
openmp, 1, 1, 0, 640, 32, 28, 1024, 1024, 1024, 1.909306
openmp, 1, 1, 0, 640, 4, 32, 1024, 1024, 1024, 2.075873
openmp, 1, 1, 0, 640, 5, 32, 1024, 1024, 1024, 2.145355
openmp, 1, 1, 0, 640, 6, 32, 1024, 1024, 1024, 2.078015
openmp, 1, 1, 0, 640, 7, 32, 1024, 1024, 1024, 2.083266
openmp, 1, 1, 0, 640, 8, 32, 1024, 1024, 1024, 2.070833
openmp, 1, 1, 0, 640, 9, 32, 1024, 1024, 1024, 2.074168
openmp, 1, 1, 0, 640, 10, 32, 1024, 1024, 1024, 2.072847
openmp, 1, 1, 0, 640, 11, 32, 1024, 1024, 1024, 2.079885
openmp, 1, 1, 0, 640, 12, 32, 1024, 1024, 1024, 2.069801
openmp, 1, 1, 0, 640, 13, 32, 1024, 1024, 1024, 2.071532
openmp, 1, 1, 0, 640, 14, 32, 1024, 1024, 1024, 2.080636
openmp, 1, 1, 0, 640, 15, 32, 1024, 1024, 1024, 2.074975
openmp, 1, 1, 0, 640, 16, 32, 1024, 1024, 1024, 2.114619
openmp, 1, 1, 0, 640, 17, 32, 1024, 1024, 1024, 2.083199
openmp, 1, 1, 0, 640, 18, 32, 1024, 1024, 1024, 2.074182
openmp, 1, 1, 0, 640, 19, 32, 1024, 1024, 1024, 2.107950
openmp, 1, 1, 0, 640, 20, 32, 1024, 1024, 1024, 2.229473
openmp, 1, 1, 0, 640, 21, 32, 1024, 1024, 1024, 2.083118
openmp, 1, 1, 0, 640, 22, 32, 1024, 1024, 1024, 2.119799
openmp, 1, 1, 0, 640, 23, 32, 1024, 1024, 1024, 2.084767
openmp, 1, 1, 0, 640, 24, 32, 1024, 1024, 1024, 2.059394
openmp, 1, 1, 0, 640, 25, 32, 1024, 1024, 1024, 2.102106
openmp, 1, 1, 0, 640, 26, 32, 1024, 1024, 1024, 2.131367
openmp, 1, 1, 0, 640, 27, 32, 1024, 1024, 1024, 2.084031
openmp, 1, 1, 0, 640, 28, 32, 1024, 1024, 1024, 2.085851
openmp, 1, 1, 0, 640, 29, 32, 1024, 1024, 1024, 2.078642
openmp, 1, 1, 0, 640, 30, 32, 1024, 1024, 1024, 2.074690
openmp, 1, 1, 0, 640, 31, 32, 1024, 1024, 1024, 2.098273
openmp, 1, 1, 0, 640, 32, 32, 1024, 1024, 1024, 2.086036
openmp, 1, 1, 0, 768, 4, 4, 1024, 1024, 1024, 2.551065
openmp, 1, 1, 0, 768, 5, 4, 1024, 1024, 1024, 2.545550
openmp, 1, 1, 0, 768, 6, 4, 1024, 1024, 1024, 2.550263
openmp, 1, 1, 0, 768, 7, 4, 1024, 1024, 1024, 2.551329
openmp, 1, 1, 0, 768, 8, 4, 1024, 1024, 1024, 2.550855
openmp, 1, 1, 0, 768, 9, 4, 1024, 1024, 1024, 2.544857
openmp, 1, 1, 0, 768, 10, 4, 1024, 1024, 1024, 2.549446
openmp, 1, 1, 0, 768, 11, 4, 1024, 1024, 1024, 2.549750
openmp, 1, 1, 0, 768, 12, 4, 1024, 1024, 1024, 2.553940
openmp, 1, 1, 0, 768, 13, 4, 1024, 1024, 1024, 2.548108
openmp, 1, 1, 0, 768, 14, 4, 1024, 1024, 1024, 2.551556
openmp, 1, 1, 0, 768, 15, 4, 1024, 1024, 1024, 2.548180
openmp, 1, 1, 0, 768, 16, 4, 1024, 1024, 1024, 2.552050
openmp, 1, 1, 0, 768, 17, 4, 1024, 1024, 1024, 2.549163
openmp, 1, 1, 0, 768, 18, 4, 1024, 1024, 1024, 2.546514
openmp, 1, 1, 0, 768, 19, 4, 1024, 1024, 1024, 2.548766
openmp, 1, 1, 0, 768, 20, 4, 1024, 1024, 1024, 2.548960
openmp, 1, 1, 0, 768, 21, 4, 1024, 1024, 1024, 2.551308
openmp, 1, 1, 0, 768, 22, 4, 1024, 1024, 1024, 2.549557
openmp, 1, 1, 0, 768, 23, 4, 1024, 1024, 1024, 2.548418
openmp, 1, 1, 0, 768, 24, 4, 1024, 1024, 1024, 2.549709
openmp, 1, 1, 0, 768, 25, 4, 1024, 1024, 1024, 2.546836
openmp, 1, 1, 0, 768, 26, 4, 1024, 1024, 1024, 2.550357
openmp, 1, 1, 0, 768, 27, 4, 1024, 1024, 1024, 2.551912
openmp, 1, 1, 0, 768, 28, 4, 1024, 1024, 1024, 2.551974
openmp, 1, 1, 0, 768, 29, 4, 1024, 1024, 1024, 2.549209
openmp, 1, 1, 0, 768, 30, 4, 1024, 1024, 1024, 2.549615
openmp, 1, 1, 0, 768, 31, 4, 1024, 1024, 1024, 2.554799
openmp, 1, 1, 0, 768, 32, 4, 1024, 1024, 1024, 2.553241
openmp, 1, 1, 0, 768, 4, 8, 1024, 1024, 1024, 2.128625
openmp, 1, 1, 0, 768, 5, 8, 1024, 1024, 1024, 1.995842
openmp, 1, 1, 0, 768, 6, 8, 1024, 1024, 1024, 1.997767
openmp, 1, 1, 0, 768, 7, 8, 1024, 1024, 1024, 1.996954
openmp, 1, 1, 0, 768, 8, 8, 1024, 1024, 1024, 1.997954
openmp, 1, 1, 0, 768, 9, 8, 1024, 1024, 1024, 1.995711
openmp, 1, 1, 0, 768, 10, 8, 1024, 1024, 1024, 1.996507
openmp, 1, 1, 0, 768, 11, 8, 1024, 1024, 1024, 1.999344
openmp, 1, 1, 0, 768, 12, 8, 1024, 1024, 1024, 1.997283
openmp, 1, 1, 0, 768, 13, 8, 1024, 1024, 1024, 1.997335
openmp, 1, 1, 0, 768, 14, 8, 1024, 1024, 1024, 1.999183
openmp, 1, 1, 0, 768, 15, 8, 1024, 1024, 1024, 1.995838
openmp, 1, 1, 0, 768, 16, 8, 1024, 1024, 1024, 1.999742
openmp, 1, 1, 0, 768, 17, 8, 1024, 1024, 1024, 1.998083
openmp, 1, 1, 0, 768, 18, 8, 1024, 1024, 1024, 1.996804
openmp, 1, 1, 0, 768, 19, 8, 1024, 1024, 1024, 1.999832
openmp, 1, 1, 0, 768, 20, 8, 1024, 1024, 1024, 1.996617
openmp, 1, 1, 0, 768, 21, 8, 1024, 1024, 1024, 1.997725
openmp, 1, 1, 0, 768, 22, 8, 1024, 1024, 1024, 1.997739
openmp, 1, 1, 0, 768, 23, 8, 1024, 1024, 1024, 1.995798
openmp, 1, 1, 0, 768, 24, 8, 1024, 1024, 1024, 2.001940
openmp, 1, 1, 0, 768, 25, 8, 1024, 1024, 1024, 1.999334
openmp, 1, 1, 0, 768, 26, 8, 1024, 1024, 1024, 1.998226
openmp, 1, 1, 0, 768, 27, 8, 1024, 1024, 1024, 2.002680
openmp, 1, 1, 0, 768, 28, 8, 1024, 1024, 1024, 1.998179
openmp, 1, 1, 0, 768, 29, 8, 1024, 1024, 1024, 1.998030
openmp, 1, 1, 0, 768, 30, 8, 1024, 1024, 1024, 2.001742
openmp, 1, 1, 0, 768, 31, 8, 1024, 1024, 1024, 1.999426
openmp, 1, 1, 0, 768, 32, 8, 1024, 1024, 1024, 1.998252
openmp, 1, 1, 0, 768, 4, 16, 1024, 1024, 1024, 1.885975
openmp, 1, 1, 0, 768, 5, 16, 1024, 1024, 1024, 1.883950
openmp, 1, 1, 0, 768, 6, 16, 1024, 1024, 1024, 1.884581
openmp, 1, 1, 0, 768, 7, 16, 1024, 1024, 1024, 1.885473
openmp, 1, 1, 0, 768, 8, 16, 1024, 1024, 1024, 1.887729
openmp, 1, 1, 0, 768, 9, 16, 1024, 1024, 1024, 1.887258
openmp, 1, 1, 0, 768, 10, 16, 1024, 1024, 1024, 1.888326
openmp, 1, 1, 0, 768, 11, 16, 1024, 1024, 1024, 1.887908
openmp, 1, 1, 0, 768, 12, 16, 1024, 1024, 1024, 1.886397
openmp, 1, 1, 0, 768, 13, 16, 1024, 1024, 1024, 1.885562
openmp, 1, 1, 0, 768, 14, 16, 1024, 1024, 1024, 1.887064
openmp, 1, 1, 0, 768, 15, 16, 1024, 1024, 1024, 1.887459
openmp, 1, 1, 0, 768, 16, 16, 1024, 1024, 1024, 1.887874
openmp, 1, 1, 0, 768, 17, 16, 1024, 1024, 1024, 1.888082
openmp, 1, 1, 0, 768, 18, 16, 1024, 1024, 1024, 1.887797
openmp, 1, 1, 0, 768, 19, 16, 1024, 1024, 1024, 1.889440
openmp, 1, 1, 0, 768, 20, 16, 1024, 1024, 1024, 1.889270
openmp, 1, 1, 0, 768, 21, 16, 1024, 1024, 1024, 1.885979
openmp, 1, 1, 0, 768, 22, 16, 1024, 1024, 1024, 1.888197
openmp, 1, 1, 0, 768, 23, 16, 1024, 1024, 1024, 1.886045
openmp, 1, 1, 0, 768, 24, 16, 1024, 1024, 1024, 1.886198
openmp, 1, 1, 0, 768, 25, 16, 1024, 1024, 1024, 1.885286
openmp, 1, 1, 0, 768, 26, 16, 1024, 1024, 1024, 1.885143
openmp, 1, 1, 0, 768, 27, 16, 1024, 1024, 1024, 1.889773
openmp, 1, 1, 0, 768, 28, 16, 1024, 1024, 1024, 1.886814
openmp, 1, 1, 0, 768, 29, 16, 1024, 1024, 1024, 1.886314
openmp, 1, 1, 0, 768, 30, 16, 1024, 1024, 1024, 1.886515
openmp, 1, 1, 0, 768, 31, 16, 1024, 1024, 1024, 1.885311
openmp, 1, 1, 0, 768, 32, 16, 1024, 1024, 1024, 1.888857
openmp, 1, 1, 0, 768, 4, 20, 1024, 1024, 1024, 1.900815
openmp, 1, 1, 0, 768, 5, 20, 1024, 1024, 1024, 1.900755
openmp, 1, 1, 0, 768, 6, 20, 1024, 1024, 1024, 1.893112
openmp, 1, 1, 0, 768, 7, 20, 1024, 1024, 1024, 1.896815
openmp, 1, 1, 0, 768, 8, 20, 1024, 1024, 1024, 1.896797
openmp, 1, 1, 0, 768, 9, 20, 1024, 1024, 1024, 1.894257
openmp, 1, 1, 0, 768, 10, 20, 1024, 1024, 1024, 1.894976
openmp, 1, 1, 0, 768, 11, 20, 1024, 1024, 1024, 1.895351
openmp, 1, 1, 0, 768, 12, 20, 1024, 1024, 1024, 1.904104
openmp, 1, 1, 0, 768, 13, 20, 1024, 1024, 1024, 1.897066
openmp, 1, 1, 0, 768, 14, 20, 1024, 1024, 1024, 1.899783
openmp, 1, 1, 0, 768, 15, 20, 1024, 1024, 1024, 1.895033
openmp, 1, 1, 0, 768, 16, 20, 1024, 1024, 1024, 1.897587
openmp, 1, 1, 0, 768, 17, 20, 1024, 1024, 1024, 1.897062
openmp, 1, 1, 0, 768, 18, 20, 1024, 1024, 1024, 1.893789
openmp, 1, 1, 0, 768, 19, 20, 1024, 1024, 1024, 1.894116
openmp, 1, 1, 0, 768, 20, 20, 1024, 1024, 1024, 1.894007
openmp, 1, 1, 0, 768, 21, 20, 1024, 1024, 1024, 1.895343
openmp, 1, 1, 0, 768, 22, 20, 1024, 1024, 1024, 1.893995
openmp, 1, 1, 0, 768, 23, 20, 1024, 1024, 1024, 1.897286
openmp, 1, 1, 0, 768, 24, 20, 1024, 1024, 1024, 1.894815
openmp, 1, 1, 0, 768, 25, 20, 1024, 1024, 1024, 1.895967
openmp, 1, 1, 0, 768, 26, 20, 1024, 1024, 1024, 1.893683
openmp, 1, 1, 0, 768, 27, 20, 1024, 1024, 1024, 1.894890
openmp, 1, 1, 0, 768, 28, 20, 1024, 1024, 1024, 1.893843
openmp, 1, 1, 0, 768, 29, 20, 1024, 1024, 1024, 1.895443
openmp, 1, 1, 0, 768, 30, 20, 1024, 1024, 1024, 1.890619
openmp, 1, 1, 0, 768, 31, 20, 1024, 1024, 1024, 1.895664
openmp, 1, 1, 0, 768, 32, 20, 1024, 1024, 1024, 1.895266
openmp, 1, 1, 0, 768, 4, 24, 1024, 1024, 1024, 1.922924
openmp, 1, 1, 0, 768, 5, 24, 1024, 1024, 1024, 1.921399
openmp, 1, 1, 0, 768, 6, 24, 1024, 1024, 1024, 1.921020
openmp, 1, 1, 0, 768, 7, 24, 1024, 1024, 1024, 1.920494
openmp, 1, 1, 0, 768, 8, 24, 1024, 1024, 1024, 1.923073
openmp, 1, 1, 0, 768, 9, 24, 1024, 1024, 1024, 1.922675
openmp, 1, 1, 0, 768, 10, 24, 1024, 1024, 1024, 1.919467
openmp, 1, 1, 0, 768, 11, 24, 1024, 1024, 1024, 1.922510
openmp, 1, 1, 0, 768, 12, 24, 1024, 1024, 1024, 1.920209
openmp, 1, 1, 0, 768, 13, 24, 1024, 1024, 1024, 1.919872
openmp, 1, 1, 0, 768, 14, 24, 1024, 1024, 1024, 1.920266
openmp, 1, 1, 0, 768, 15, 24, 1024, 1024, 1024, 1.919475
openmp, 1, 1, 0, 768, 16, 24, 1024, 1024, 1024, 1.920861
openmp, 1, 1, 0, 768, 17, 24, 1024, 1024, 1024, 1.919672
openmp, 1, 1, 0, 768, 18, 24, 1024, 1024, 1024, 1.918739
openmp, 1, 1, 0, 768, 19, 24, 1024, 1024, 1024, 1.922638
openmp, 1, 1, 0, 768, 20, 24, 1024, 1024, 1024, 1.919626
openmp, 1, 1, 0, 768, 21, 24, 1024, 1024, 1024, 1.917764
openmp, 1, 1, 0, 768, 22, 24, 1024, 1024, 1024, 1.922874
openmp, 1, 1, 0, 768, 23, 24, 1024, 1024, 1024, 1.917423
openmp, 1, 1, 0, 768, 24, 24, 1024, 1024, 1024, 1.919903
openmp, 1, 1, 0, 768, 25, 24, 1024, 1024, 1024, 1.919655
openmp, 1, 1, 0, 768, 26, 24, 1024, 1024, 1024, 1.920091
openmp, 1, 1, 0, 768, 27, 24, 1024, 1024, 1024, 1.920020
openmp, 1, 1, 0, 768, 28, 24, 1024, 1024, 1024, 1.923900
openmp, 1, 1, 0, 768, 29, 24, 1024, 1024, 1024, 1.919538
openmp, 1, 1, 0, 768, 30, 24, 1024, 1024, 1024, 1.928702
openmp, 1, 1, 0, 768, 31, 24, 1024, 1024, 1024, 1.921117
openmp, 1, 1, 0, 768, 32, 24, 1024, 1024, 1024, 1.923591
openmp, 1, 1, 0, 768, 4, 28, 1024, 1024, 1024, 1.909628
openmp, 1, 1, 0, 768, 5, 28, 1024, 1024, 1024, 1.909788
openmp, 1, 1, 0, 768, 6, 28, 1024, 1024, 1024, 1.912363
openmp, 1, 1, 0, 768, 7, 28, 1024, 1024, 1024, 1.919187
openmp, 1, 1, 0, 768, 8, 28, 1024, 1024, 1024, 1.942320
openmp, 1, 1, 0, 768, 9, 28, 1024, 1024, 1024, 1.916635
openmp, 1, 1, 0, 768, 10, 28, 1024, 1024, 1024, 1.914205
openmp, 1, 1, 0, 768, 11, 28, 1024, 1024, 1024, 1.917982
openmp, 1, 1, 0, 768, 12, 28, 1024, 1024, 1024, 1.912117
openmp, 1, 1, 0, 768, 13, 28, 1024, 1024, 1024, 1.915469
openmp, 1, 1, 0, 768, 14, 28, 1024, 1024, 1024, 1.908485
openmp, 1, 1, 0, 768, 15, 28, 1024, 1024, 1024, 1.913484
openmp, 1, 1, 0, 768, 16, 28, 1024, 1024, 1024, 1.911883
openmp, 1, 1, 0, 768, 17, 28, 1024, 1024, 1024, 1.915719
openmp, 1, 1, 0, 768, 18, 28, 1024, 1024, 1024, 1.911201
openmp, 1, 1, 0, 768, 19, 28, 1024, 1024, 1024, 1.922607
openmp, 1, 1, 0, 768, 20, 28, 1024, 1024, 1024, 1.909393
openmp, 1, 1, 0, 768, 21, 28, 1024, 1024, 1024, 1.922006
openmp, 1, 1, 0, 768, 22, 28, 1024, 1024, 1024, 1.909820
openmp, 1, 1, 0, 768, 23, 28, 1024, 1024, 1024, 1.914137
openmp, 1, 1, 0, 768, 24, 28, 1024, 1024, 1024, 1.914662
openmp, 1, 1, 0, 768, 25, 28, 1024, 1024, 1024, 1.922904
openmp, 1, 1, 0, 768, 26, 28, 1024, 1024, 1024, 1.910456
openmp, 1, 1, 0, 768, 27, 28, 1024, 1024, 1024, 1.908885
openmp, 1, 1, 0, 768, 28, 28, 1024, 1024, 1024, 1.913208
openmp, 1, 1, 0, 768, 29, 28, 1024, 1024, 1024, 1.908758
openmp, 1, 1, 0, 768, 30, 28, 1024, 1024, 1024, 1.908028
openmp, 1, 1, 0, 768, 31, 28, 1024, 1024, 1024, 1.915959
openmp, 1, 1, 0, 768, 32, 28, 1024, 1024, 1024, 1.917305
openmp, 1, 1, 0, 768, 4, 32, 1024, 1024, 1024, 2.069253
openmp, 1, 1, 0, 768, 5, 32, 1024, 1024, 1024, 2.082670
openmp, 1, 1, 0, 768, 6, 32, 1024, 1024, 1024, 2.077887
openmp, 1, 1, 0, 768, 7, 32, 1024, 1024, 1024, 2.075370
openmp, 1, 1, 0, 768, 8, 32, 1024, 1024, 1024, 2.068867
openmp, 1, 1, 0, 768, 9, 32, 1024, 1024, 1024, 2.080132
openmp, 1, 1, 0, 768, 10, 32, 1024, 1024, 1024, 2.105550
openmp, 1, 1, 0, 768, 11, 32, 1024, 1024, 1024, 2.082679
openmp, 1, 1, 0, 768, 12, 32, 1024, 1024, 1024, 2.081530
openmp, 1, 1, 0, 768, 13, 32, 1024, 1024, 1024, 2.257625
openmp, 1, 1, 0, 768, 14, 32, 1024, 1024, 1024, 2.076338
openmp, 1, 1, 0, 768, 15, 32, 1024, 1024, 1024, 2.073142
openmp, 1, 1, 0, 768, 16, 32, 1024, 1024, 1024, 2.075783
openmp, 1, 1, 0, 768, 17, 32, 1024, 1024, 1024, 2.074230
openmp, 1, 1, 0, 768, 18, 32, 1024, 1024, 1024, 2.066889
openmp, 1, 1, 0, 768, 19, 32, 1024, 1024, 1024, 2.153283
openmp, 1, 1, 0, 768, 20, 32, 1024, 1024, 1024, 2.077368
openmp, 1, 1, 0, 768, 21, 32, 1024, 1024, 1024, 2.077066
openmp, 1, 1, 0, 768, 22, 32, 1024, 1024, 1024, 2.075602
openmp, 1, 1, 0, 768, 23, 32, 1024, 1024, 1024, 2.063693
openmp, 1, 1, 0, 768, 24, 32, 1024, 1024, 1024, 2.068407
openmp, 1, 1, 0, 768, 25, 32, 1024, 1024, 1024, 2.076397
openmp, 1, 1, 0, 768, 26, 32, 1024, 1024, 1024, 2.078458
openmp, 1, 1, 0, 768, 27, 32, 1024, 1024, 1024, 2.079843
openmp, 1, 1, 0, 768, 28, 32, 1024, 1024, 1024, 2.077200
openmp, 1, 1, 0, 768, 29, 32, 1024, 1024, 1024, 2.153794
openmp, 1, 1, 0, 768, 30, 32, 1024, 1024, 1024, 2.072521
openmp, 1, 1, 0, 768, 31, 32, 1024, 1024, 1024, 2.081275
openmp, 1, 1, 0, 768, 32, 32, 1024, 1024, 1024, 2.086440
openmp, 1, 1, 0, 896, 4, 4, 1024, 1024, 1024, 2.547909
openmp, 1, 1, 0, 896, 5, 4, 1024, 1024, 1024, 2.551408
openmp, 1, 1, 0, 896, 6, 4, 1024, 1024, 1024, 2.547070
openmp, 1, 1, 0, 896, 7, 4, 1024, 1024, 1024, 2.550446
openmp, 1, 1, 0, 896, 8, 4, 1024, 1024, 1024, 2.545634
openmp, 1, 1, 0, 896, 9, 4, 1024, 1024, 1024, 2.581591
openmp, 1, 1, 0, 896, 10, 4, 1024, 1024, 1024, 2.548253
openmp, 1, 1, 0, 896, 11, 4, 1024, 1024, 1024, 2.549717
openmp, 1, 1, 0, 896, 12, 4, 1024, 1024, 1024, 2.550502
openmp, 1, 1, 0, 896, 13, 4, 1024, 1024, 1024, 2.547390
openmp, 1, 1, 0, 896, 14, 4, 1024, 1024, 1024, 2.550488
openmp, 1, 1, 0, 896, 15, 4, 1024, 1024, 1024, 2.550509
openmp, 1, 1, 0, 896, 16, 4, 1024, 1024, 1024, 2.549476
openmp, 1, 1, 0, 896, 17, 4, 1024, 1024, 1024, 2.636603
openmp, 1, 1, 0, 896, 18, 4, 1024, 1024, 1024, 2.548433
openmp, 1, 1, 0, 896, 19, 4, 1024, 1024, 1024, 2.551253
openmp, 1, 1, 0, 896, 20, 4, 1024, 1024, 1024, 2.547718
openmp, 1, 1, 0, 896, 21, 4, 1024, 1024, 1024, 2.549011
openmp, 1, 1, 0, 896, 22, 4, 1024, 1024, 1024, 2.547709
openmp, 1, 1, 0, 896, 23, 4, 1024, 1024, 1024, 2.547611
openmp, 1, 1, 0, 896, 24, 4, 1024, 1024, 1024, 2.547888
openmp, 1, 1, 0, 896, 25, 4, 1024, 1024, 1024, 2.551314
openmp, 1, 1, 0, 896, 26, 4, 1024, 1024, 1024, 2.547726
openmp, 1, 1, 0, 896, 27, 4, 1024, 1024, 1024, 2.548478
openmp, 1, 1, 0, 896, 28, 4, 1024, 1024, 1024, 2.547976
openmp, 1, 1, 0, 896, 29, 4, 1024, 1024, 1024, 2.548070
openmp, 1, 1, 0, 896, 30, 4, 1024, 1024, 1024, 2.551514
openmp, 1, 1, 0, 896, 31, 4, 1024, 1024, 1024, 2.548732
openmp, 1, 1, 0, 896, 32, 4, 1024, 1024, 1024, 2.548354
openmp, 1, 1, 0, 896, 4, 8, 1024, 1024, 1024, 1.997120
openmp, 1, 1, 0, 896, 5, 8, 1024, 1024, 1024, 2.033639
openmp, 1, 1, 0, 896, 6, 8, 1024, 1024, 1024, 1.997551
openmp, 1, 1, 0, 896, 7, 8, 1024, 1024, 1024, 1.998108
openmp, 1, 1, 0, 896, 8, 8, 1024, 1024, 1024, 2.000694
openmp, 1, 1, 0, 896, 9, 8, 1024, 1024, 1024, 1.998381
openmp, 1, 1, 0, 896, 10, 8, 1024, 1024, 1024, 2.330587
openmp, 1, 1, 0, 896, 11, 8, 1024, 1024, 1024, 1.998923
openmp, 1, 1, 0, 896, 12, 8, 1024, 1024, 1024, 1.999203
openmp, 1, 1, 0, 896, 13, 8, 1024, 1024, 1024, 1.998637
openmp, 1, 1, 0, 896, 14, 8, 1024, 1024, 1024, 2.000570
openmp, 1, 1, 0, 896, 15, 8, 1024, 1024, 1024, 1.999576
openmp, 1, 1, 0, 896, 16, 8, 1024, 1024, 1024, 1.999993
openmp, 1, 1, 0, 896, 17, 8, 1024, 1024, 1024, 1.998722
openmp, 1, 1, 0, 896, 18, 8, 1024, 1024, 1024, 2.000339
openmp, 1, 1, 0, 896, 19, 8, 1024, 1024, 1024, 1.999179
openmp, 1, 1, 0, 896, 20, 8, 1024, 1024, 1024, 2.217428
openmp, 1, 1, 0, 896, 21, 8, 1024, 1024, 1024, 1.998599
openmp, 1, 1, 0, 896, 22, 8, 1024, 1024, 1024, 2.001239
openmp, 1, 1, 0, 896, 23, 8, 1024, 1024, 1024, 2.000650
openmp, 1, 1, 0, 896, 24, 8, 1024, 1024, 1024, 2.001265
openmp, 1, 1, 0, 896, 25, 8, 1024, 1024, 1024, 2.001315
openmp, 1, 1, 0, 896, 26, 8, 1024, 1024, 1024, 1.998998
openmp, 1, 1, 0, 896, 27, 8, 1024, 1024, 1024, 2.001294
openmp, 1, 1, 0, 896, 28, 8, 1024, 1024, 1024, 2.001516
openmp, 1, 1, 0, 896, 29, 8, 1024, 1024, 1024, 2.000669
openmp, 1, 1, 0, 896, 30, 8, 1024, 1024, 1024, 2.002386
openmp, 1, 1, 0, 896, 31, 8, 1024, 1024, 1024, 2.000200
openmp, 1, 1, 0, 896, 32, 8, 1024, 1024, 1024, 1.999458
openmp, 1, 1, 0, 896, 4, 16, 1024, 1024, 1024, 1.884334
openmp, 1, 1, 0, 896, 5, 16, 1024, 1024, 1024, 1.976924
openmp, 1, 1, 0, 896, 6, 16, 1024, 1024, 1024, 1.888194
openmp, 1, 1, 0, 896, 7, 16, 1024, 1024, 1024, 1.886076
openmp, 1, 1, 0, 896, 8, 16, 1024, 1024, 1024, 1.888325
openmp, 1, 1, 0, 896, 9, 16, 1024, 1024, 1024, 1.889244
openmp, 1, 1, 0, 896, 10, 16, 1024, 1024, 1024, 1.890576
openmp, 1, 1, 0, 896, 11, 16, 1024, 1024, 1024, 1.886923
openmp, 1, 1, 0, 896, 12, 16, 1024, 1024, 1024, 1.888321
openmp, 1, 1, 0, 896, 13, 16, 1024, 1024, 1024, 1.889746
openmp, 1, 1, 0, 896, 14, 16, 1024, 1024, 1024, 1.888238
openmp, 1, 1, 0, 896, 15, 16, 1024, 1024, 1024, 1.890844
openmp, 1, 1, 0, 896, 16, 16, 1024, 1024, 1024, 1.975129
openmp, 1, 1, 0, 896, 17, 16, 1024, 1024, 1024, 1.898873
openmp, 1, 1, 0, 896, 18, 16, 1024, 1024, 1024, 1.888331
openmp, 1, 1, 0, 896, 19, 16, 1024, 1024, 1024, 1.893219
openmp, 1, 1, 0, 896, 20, 16, 1024, 1024, 1024, 1.890332
openmp, 1, 1, 0, 896, 21, 16, 1024, 1024, 1024, 1.889650
openmp, 1, 1, 0, 896, 22, 16, 1024, 1024, 1024, 1.894338
openmp, 1, 1, 0, 896, 23, 16, 1024, 1024, 1024, 1.892048
openmp, 1, 1, 0, 896, 24, 16, 1024, 1024, 1024, 1.888593
openmp, 1, 1, 0, 896, 25, 16, 1024, 1024, 1024, 1.888737
openmp, 1, 1, 0, 896, 26, 16, 1024, 1024, 1024, 1.889914
openmp, 1, 1, 0, 896, 27, 16, 1024, 1024, 1024, 1.886717
openmp, 1, 1, 0, 896, 28, 16, 1024, 1024, 1024, 1.888520
openmp, 1, 1, 0, 896, 29, 16, 1024, 1024, 1024, 1.888210
openmp, 1, 1, 0, 896, 30, 16, 1024, 1024, 1024, 1.887453
openmp, 1, 1, 0, 896, 31, 16, 1024, 1024, 1024, 1.887620
openmp, 1, 1, 0, 896, 32, 16, 1024, 1024, 1024, 1.890718
openmp, 1, 1, 0, 896, 4, 20, 1024, 1024, 1024, 1.894012
openmp, 1, 1, 0, 896, 5, 20, 1024, 1024, 1024, 1.897400
openmp, 1, 1, 0, 896, 6, 20, 1024, 1024, 1024, 1.896545
openmp, 1, 1, 0, 896, 7, 20, 1024, 1024, 1024, 1.902558
openmp, 1, 1, 0, 896, 8, 20, 1024, 1024, 1024, 1.897392
openmp, 1, 1, 0, 896, 9, 20, 1024, 1024, 1024, 1.904823
openmp, 1, 1, 0, 896, 10, 20, 1024, 1024, 1024, 1.899543
openmp, 1, 1, 0, 896, 11, 20, 1024, 1024, 1024, 1.899990
openmp, 1, 1, 0, 896, 12, 20, 1024, 1024, 1024, 1.901856
openmp, 1, 1, 0, 896, 13, 20, 1024, 1024, 1024, 1.895896
openmp, 1, 1, 0, 896, 14, 20, 1024, 1024, 1024, 1.896653
openmp, 1, 1, 0, 896, 15, 20, 1024, 1024, 1024, 1.959590
openmp, 1, 1, 0, 896, 16, 20, 1024, 1024, 1024, 1.896617
openmp, 1, 1, 0, 896, 17, 20, 1024, 1024, 1024, 1.899237
openmp, 1, 1, 0, 896, 18, 20, 1024, 1024, 1024, 1.899051
openmp, 1, 1, 0, 896, 19, 20, 1024, 1024, 1024, 1.897186
openmp, 1, 1, 0, 896, 20, 20, 1024, 1024, 1024, 1.898513
openmp, 1, 1, 0, 896, 21, 20, 1024, 1024, 1024, 1.896008
openmp, 1, 1, 0, 896, 22, 20, 1024, 1024, 1024, 1.898347
openmp, 1, 1, 0, 896, 23, 20, 1024, 1024, 1024, 1.898950
openmp, 1, 1, 0, 896, 24, 20, 1024, 1024, 1024, 1.896702
openmp, 1, 1, 0, 896, 25, 20, 1024, 1024, 1024, 1.895855
openmp, 1, 1, 0, 896, 26, 20, 1024, 1024, 1024, 1.897194
openmp, 1, 1, 0, 896, 27, 20, 1024, 1024, 1024, 1.896697
openmp, 1, 1, 0, 896, 28, 20, 1024, 1024, 1024, 1.898193
openmp, 1, 1, 0, 896, 29, 20, 1024, 1024, 1024, 1.899044
openmp, 1, 1, 0, 896, 30, 20, 1024, 1024, 1024, 1.897173
openmp, 1, 1, 0, 896, 31, 20, 1024, 1024, 1024, 1.897414
openmp, 1, 1, 0, 896, 32, 20, 1024, 1024, 1024, 1.899887
openmp, 1, 1, 0, 896, 4, 24, 1024, 1024, 1024, 1.917794
openmp, 1, 1, 0, 896, 5, 24, 1024, 1024, 1024, 1.920528
openmp, 1, 1, 0, 896, 6, 24, 1024, 1024, 1024, 1.970269
openmp, 1, 1, 0, 896, 7, 24, 1024, 1024, 1024, 1.920307
openmp, 1, 1, 0, 896, 8, 24, 1024, 1024, 1024, 1.923217
openmp, 1, 1, 0, 896, 9, 24, 1024, 1024, 1024, 1.925983
openmp, 1, 1, 0, 896, 10, 24, 1024, 1024, 1024, 1.923189
openmp, 1, 1, 0, 896, 11, 24, 1024, 1024, 1024, 1.925521
openmp, 1, 1, 0, 896, 12, 24, 1024, 1024, 1024, 1.922345
openmp, 1, 1, 0, 896, 13, 24, 1024, 1024, 1024, 1.921486
openmp, 1, 1, 0, 896, 14, 24, 1024, 1024, 1024, 1.925554
openmp, 1, 1, 0, 896, 15, 24, 1024, 1024, 1024, 1.923067
openmp, 1, 1, 0, 896, 16, 24, 1024, 1024, 1024, 1.923795
openmp, 1, 1, 0, 896, 17, 24, 1024, 1024, 1024, 1.925530
openmp, 1, 1, 0, 896, 18, 24, 1024, 1024, 1024, 1.926861
openmp, 1, 1, 0, 896, 19, 24, 1024, 1024, 1024, 1.922070
openmp, 1, 1, 0, 896, 20, 24, 1024, 1024, 1024, 1.927660
openmp, 1, 1, 0, 896, 21, 24, 1024, 1024, 1024, 1.921578
openmp, 1, 1, 0, 896, 22, 24, 1024, 1024, 1024, 1.928926
openmp, 1, 1, 0, 896, 23, 24, 1024, 1024, 1024, 1.928672
openmp, 1, 1, 0, 896, 24, 24, 1024, 1024, 1024, 1.928421
openmp, 1, 1, 0, 896, 25, 24, 1024, 1024, 1024, 1.923090
openmp, 1, 1, 0, 896, 26, 24, 1024, 1024, 1024, 1.924747
openmp, 1, 1, 0, 896, 27, 24, 1024, 1024, 1024, 1.929233
openmp, 1, 1, 0, 896, 28, 24, 1024, 1024, 1024, 1.929188
openmp, 1, 1, 0, 896, 29, 24, 1024, 1024, 1024, 1.930854
openmp, 1, 1, 0, 896, 30, 24, 1024, 1024, 1024, 1.921794
openmp, 1, 1, 0, 896, 31, 24, 1024, 1024, 1024, 1.927408
openmp, 1, 1, 0, 896, 32, 24, 1024, 1024, 1024, 1.929135
openmp, 1, 1, 0, 896, 4, 28, 1024, 1024, 1024, 1.930867
openmp, 1, 1, 0, 896, 5, 28, 1024, 1024, 1024, 1.925724
openmp, 1, 1, 0, 896, 6, 28, 1024, 1024, 1024, 1.916476
openmp, 1, 1, 0, 896, 7, 28, 1024, 1024, 1024, 1.914338
openmp, 1, 1, 0, 896, 8, 28, 1024, 1024, 1024, 1.915275
openmp, 1, 1, 0, 896, 9, 28, 1024, 1024, 1024, 1.916610
openmp, 1, 1, 0, 896, 10, 28, 1024, 1024, 1024, 2.074067
openmp, 1, 1, 0, 896, 11, 28, 1024, 1024, 1024, 1.921843
openmp, 1, 1, 0, 896, 12, 28, 1024, 1024, 1024, 1.915071
openmp, 1, 1, 0, 896, 13, 28, 1024, 1024, 1024, 1.923212
openmp, 1, 1, 0, 896, 14, 28, 1024, 1024, 1024, 1.916562
openmp, 1, 1, 0, 896, 15, 28, 1024, 1024, 1024, 2.007596
openmp, 1, 1, 0, 896, 16, 28, 1024, 1024, 1024, 1.920237
openmp, 1, 1, 0, 896, 17, 28, 1024, 1024, 1024, 1.912054
openmp, 1, 1, 0, 896, 18, 28, 1024, 1024, 1024, 1.917086
openmp, 1, 1, 0, 896, 19, 28, 1024, 1024, 1024, 1.912772
openmp, 1, 1, 0, 896, 20, 28, 1024, 1024, 1024, 1.916977
openmp, 1, 1, 0, 896, 21, 28, 1024, 1024, 1024, 1.916296
openmp, 1, 1, 0, 896, 22, 28, 1024, 1024, 1024, 1.913203
openmp, 1, 1, 0, 896, 23, 28, 1024, 1024, 1024, 1.920677
openmp, 1, 1, 0, 896, 24, 28, 1024, 1024, 1024, 1.914976
openmp, 1, 1, 0, 896, 25, 28, 1024, 1024, 1024, 2.026708
openmp, 1, 1, 0, 896, 26, 28, 1024, 1024, 1024, 1.914979
openmp, 1, 1, 0, 896, 27, 28, 1024, 1024, 1024, 1.925709
openmp, 1, 1, 0, 896, 28, 28, 1024, 1024, 1024, 1.914049
openmp, 1, 1, 0, 896, 29, 28, 1024, 1024, 1024, 1.912588
openmp, 1, 1, 0, 896, 30, 28, 1024, 1024, 1024, 1.970186
openmp, 1, 1, 0, 896, 31, 28, 1024, 1024, 1024, 1.914262
openmp, 1, 1, 0, 896, 32, 28, 1024, 1024, 1024, 1.917777
openmp, 1, 1, 0, 896, 4, 32, 1024, 1024, 1024, 2.090053
openmp, 1, 1, 0, 896, 5, 32, 1024, 1024, 1024, 2.069070
openmp, 1, 1, 0, 896, 6, 32, 1024, 1024, 1024, 2.077364
openmp, 1, 1, 0, 896, 7, 32, 1024, 1024, 1024, 2.075158
openmp, 1, 1, 0, 896, 8, 32, 1024, 1024, 1024, 2.080809
openmp, 1, 1, 0, 896, 9, 32, 1024, 1024, 1024, 2.071665
openmp, 1, 1, 0, 896, 10, 32, 1024, 1024, 1024, 2.079782
openmp, 1, 1, 0, 896, 11, 32, 1024, 1024, 1024, 2.088572
openmp, 1, 1, 0, 896, 12, 32, 1024, 1024, 1024, 2.073273
openmp, 1, 1, 0, 896, 13, 32, 1024, 1024, 1024, 2.088385
openmp, 1, 1, 0, 896, 14, 32, 1024, 1024, 1024, 2.076857
openmp, 1, 1, 0, 896, 15, 32, 1024, 1024, 1024, 2.083232
openmp, 1, 1, 0, 896, 16, 32, 1024, 1024, 1024, 2.075577
openmp, 1, 1, 0, 896, 17, 32, 1024, 1024, 1024, 2.080769
openmp, 1, 1, 0, 896, 18, 32, 1024, 1024, 1024, 2.073267
openmp, 1, 1, 0, 896, 19, 32, 1024, 1024, 1024, 2.079889
openmp, 1, 1, 0, 896, 20, 32, 1024, 1024, 1024, 2.072900
openmp, 1, 1, 0, 896, 21, 32, 1024, 1024, 1024, 2.082300
openmp, 1, 1, 0, 896, 22, 32, 1024, 1024, 1024, 2.071464
openmp, 1, 1, 0, 896, 23, 32, 1024, 1024, 1024, 2.078861
openmp, 1, 1, 0, 896, 24, 32, 1024, 1024, 1024, 2.081234
openmp, 1, 1, 0, 896, 25, 32, 1024, 1024, 1024, 2.082113
openmp, 1, 1, 0, 896, 26, 32, 1024, 1024, 1024, 2.077535
openmp, 1, 1, 0, 896, 27, 32, 1024, 1024, 1024, 2.078296
openmp, 1, 1, 0, 896, 28, 32, 1024, 1024, 1024, 2.082074
openmp, 1, 1, 0, 896, 29, 32, 1024, 1024, 1024, 2.075545
openmp, 1, 1, 0, 896, 30, 32, 1024, 1024, 1024, 2.076783
openmp, 1, 1, 0, 896, 31, 32, 1024, 1024, 1024, 2.080825
openmp, 1, 1, 0, 896, 32, 32, 1024, 1024, 1024, 2.089530
openmp, 1, 1, 0, 1024, 4, 4, 1024, 1024, 1024, 2.540507
openmp, 1, 1, 0, 1024, 5, 4, 1024, 1024, 1024, 2.540869
openmp, 1, 1, 0, 1024, 6, 4, 1024, 1024, 1024, 2.539161
openmp, 1, 1, 0, 1024, 7, 4, 1024, 1024, 1024, 2.541276
openmp, 1, 1, 0, 1024, 8, 4, 1024, 1024, 1024, 2.539131
openmp, 1, 1, 0, 1024, 9, 4, 1024, 1024, 1024, 2.536204
openmp, 1, 1, 0, 1024, 10, 4, 1024, 1024, 1024, 2.536076
openmp, 1, 1, 0, 1024, 11, 4, 1024, 1024, 1024, 2.538797
openmp, 1, 1, 0, 1024, 12, 4, 1024, 1024, 1024, 2.540584
openmp, 1, 1, 0, 1024, 13, 4, 1024, 1024, 1024, 2.536500
openmp, 1, 1, 0, 1024, 14, 4, 1024, 1024, 1024, 2.537736
openmp, 1, 1, 0, 1024, 15, 4, 1024, 1024, 1024, 2.540522
openmp, 1, 1, 0, 1024, 16, 4, 1024, 1024, 1024, 2.537885
openmp, 1, 1, 0, 1024, 17, 4, 1024, 1024, 1024, 2.539915
openmp, 1, 1, 0, 1024, 18, 4, 1024, 1024, 1024, 2.540316
openmp, 1, 1, 0, 1024, 19, 4, 1024, 1024, 1024, 2.539715
openmp, 1, 1, 0, 1024, 20, 4, 1024, 1024, 1024, 2.538970
openmp, 1, 1, 0, 1024, 21, 4, 1024, 1024, 1024, 2.537103
openmp, 1, 1, 0, 1024, 22, 4, 1024, 1024, 1024, 2.538196
openmp, 1, 1, 0, 1024, 23, 4, 1024, 1024, 1024, 2.541197
openmp, 1, 1, 0, 1024, 24, 4, 1024, 1024, 1024, 2.537132
openmp, 1, 1, 0, 1024, 25, 4, 1024, 1024, 1024, 2.540569
openmp, 1, 1, 0, 1024, 26, 4, 1024, 1024, 1024, 2.539357
openmp, 1, 1, 0, 1024, 27, 4, 1024, 1024, 1024, 2.541117
openmp, 1, 1, 0, 1024, 28, 4, 1024, 1024, 1024, 2.537100
openmp, 1, 1, 0, 1024, 29, 4, 1024, 1024, 1024, 2.540817
openmp, 1, 1, 0, 1024, 30, 4, 1024, 1024, 1024, 2.538805
openmp, 1, 1, 0, 1024, 31, 4, 1024, 1024, 1024, 2.538792
openmp, 1, 1, 0, 1024, 32, 4, 1024, 1024, 1024, 2.538794
openmp, 1, 1, 0, 1024, 4, 8, 1024, 1024, 1024, 1.995023
openmp, 1, 1, 0, 1024, 5, 8, 1024, 1024, 1024, 1.993551
openmp, 1, 1, 0, 1024, 6, 8, 1024, 1024, 1024, 1.993548
openmp, 1, 1, 0, 1024, 7, 8, 1024, 1024, 1024, 2.056166
openmp, 1, 1, 0, 1024, 8, 8, 1024, 1024, 1024, 1.994745
openmp, 1, 1, 0, 1024, 9, 8, 1024, 1024, 1024, 1.992960
openmp, 1, 1, 0, 1024, 10, 8, 1024, 1024, 1024, 1.992954
openmp, 1, 1, 0, 1024, 11, 8, 1024, 1024, 1024, 1.994283
openmp, 1, 1, 0, 1024, 12, 8, 1024, 1024, 1024, 2.138900
openmp, 1, 1, 0, 1024, 13, 8, 1024, 1024, 1024, 1.993768
openmp, 1, 1, 0, 1024, 14, 8, 1024, 1024, 1024, 1.995678
openmp, 1, 1, 0, 1024, 15, 8, 1024, 1024, 1024, 1.996167
openmp, 1, 1, 0, 1024, 16, 8, 1024, 1024, 1024, 1.994199
openmp, 1, 1, 0, 1024, 17, 8, 1024, 1024, 1024, 1.996105
openmp, 1, 1, 0, 1024, 18, 8, 1024, 1024, 1024, 1.994616
openmp, 1, 1, 0, 1024, 19, 8, 1024, 1024, 1024, 1.994484
openmp, 1, 1, 0, 1024, 20, 8, 1024, 1024, 1024, 1.996674
openmp, 1, 1, 0, 1024, 21, 8, 1024, 1024, 1024, 2.105821
openmp, 1, 1, 0, 1024, 22, 8, 1024, 1024, 1024, 2.081811
openmp, 1, 1, 0, 1024, 23, 8, 1024, 1024, 1024, 1.995484
openmp, 1, 1, 0, 1024, 24, 8, 1024, 1024, 1024, 1.997017
openmp, 1, 1, 0, 1024, 25, 8, 1024, 1024, 1024, 1.997441
openmp, 1, 1, 0, 1024, 26, 8, 1024, 1024, 1024, 1.995910
openmp, 1, 1, 0, 1024, 27, 8, 1024, 1024, 1024, 1.995914
openmp, 1, 1, 0, 1024, 28, 8, 1024, 1024, 1024, 1.999287
openmp, 1, 1, 0, 1024, 29, 8, 1024, 1024, 1024, 1.997583
openmp, 1, 1, 0, 1024, 30, 8, 1024, 1024, 1024, 1.997720
openmp, 1, 1, 0, 1024, 31, 8, 1024, 1024, 1024, 1.999908
openmp, 1, 1, 0, 1024, 32, 8, 1024, 1024, 1024, 2.217683
openmp, 1, 1, 0, 1024, 4, 16, 1024, 1024, 1024, 1.893411
openmp, 1, 1, 0, 1024, 5, 16, 1024, 1024, 1024, 1.883843
openmp, 1, 1, 0, 1024, 6, 16, 1024, 1024, 1024, 1.884605
openmp, 1, 1, 0, 1024, 7, 16, 1024, 1024, 1024, 1.885824
openmp, 1, 1, 0, 1024, 8, 16, 1024, 1024, 1024, 2.026917
openmp, 1, 1, 0, 1024, 9, 16, 1024, 1024, 1024, 1.884870
openmp, 1, 1, 0, 1024, 10, 16, 1024, 1024, 1024, 1.883588
openmp, 1, 1, 0, 1024, 11, 16, 1024, 1024, 1024, 1.884710
openmp, 1, 1, 0, 1024, 12, 16, 1024, 1024, 1024, 1.882024
openmp, 1, 1, 0, 1024, 13, 16, 1024, 1024, 1024, 1.884115
openmp, 1, 1, 0, 1024, 14, 16, 1024, 1024, 1024, 1.883971
openmp, 1, 1, 0, 1024, 15, 16, 1024, 1024, 1024, 1.885839
openmp, 1, 1, 0, 1024, 16, 16, 1024, 1024, 1024, 1.884259
openmp, 1, 1, 0, 1024, 17, 16, 1024, 1024, 1024, 1.885641
openmp, 1, 1, 0, 1024, 18, 16, 1024, 1024, 1024, 1.884235
openmp, 1, 1, 0, 1024, 19, 16, 1024, 1024, 1024, 1.885748
openmp, 1, 1, 0, 1024, 20, 16, 1024, 1024, 1024, 1.885630
openmp, 1, 1, 0, 1024, 21, 16, 1024, 1024, 1024, 1.884822
openmp, 1, 1, 0, 1024, 22, 16, 1024, 1024, 1024, 1.886135
openmp, 1, 1, 0, 1024, 23, 16, 1024, 1024, 1024, 2.066868
openmp, 1, 1, 0, 1024, 24, 16, 1024, 1024, 1024, 1.886199
openmp, 1, 1, 0, 1024, 25, 16, 1024, 1024, 1024, 1.884772
openmp, 1, 1, 0, 1024, 26, 16, 1024, 1024, 1024, 1.967484
openmp, 1, 1, 0, 1024, 27, 16, 1024, 1024, 1024, 1.885604
openmp, 1, 1, 0, 1024, 28, 16, 1024, 1024, 1024, 2.047200
openmp, 1, 1, 0, 1024, 29, 16, 1024, 1024, 1024, 1.883935
openmp, 1, 1, 0, 1024, 30, 16, 1024, 1024, 1024, 1.885292
openmp, 1, 1, 0, 1024, 31, 16, 1024, 1024, 1024, 1.885010
openmp, 1, 1, 0, 1024, 32, 16, 1024, 1024, 1024, 1.884457
openmp, 1, 1, 0, 1024, 4, 20, 1024, 1024, 1024, 2.047123
openmp, 1, 1, 0, 1024, 5, 20, 1024, 1024, 1024, 1.894934
openmp, 1, 1, 0, 1024, 6, 20, 1024, 1024, 1024, 1.897750
openmp, 1, 1, 0, 1024, 7, 20, 1024, 1024, 1024, 1.895987
openmp, 1, 1, 0, 1024, 8, 20, 1024, 1024, 1024, 1.897020
openmp, 1, 1, 0, 1024, 9, 20, 1024, 1024, 1024, 1.896547
openmp, 1, 1, 0, 1024, 10, 20, 1024, 1024, 1024, 1.895288
openmp, 1, 1, 0, 1024, 11, 20, 1024, 1024, 1024, 1.893081
openmp, 1, 1, 0, 1024, 12, 20, 1024, 1024, 1024, 1.896471
openmp, 1, 1, 0, 1024, 13, 20, 1024, 1024, 1024, 1.895082
openmp, 1, 1, 0, 1024, 14, 20, 1024, 1024, 1024, 1.973826
openmp, 1, 1, 0, 1024, 15, 20, 1024, 1024, 1024, 1.898139
openmp, 1, 1, 0, 1024, 16, 20, 1024, 1024, 1024, 1.900313
openmp, 1, 1, 0, 1024, 17, 20, 1024, 1024, 1024, 1.894288
openmp, 1, 1, 0, 1024, 18, 20, 1024, 1024, 1024, 1.922354
openmp, 1, 1, 0, 1024, 19, 20, 1024, 1024, 1024, 1.894849
openmp, 1, 1, 0, 1024, 20, 20, 1024, 1024, 1024, 1.899348
openmp, 1, 1, 0, 1024, 21, 20, 1024, 1024, 1024, 1.896506
openmp, 1, 1, 0, 1024, 22, 20, 1024, 1024, 1024, 1.895750
openmp, 1, 1, 0, 1024, 23, 20, 1024, 1024, 1024, 1.895074
openmp, 1, 1, 0, 1024, 24, 20, 1024, 1024, 1024, 1.894668
openmp, 1, 1, 0, 1024, 25, 20, 1024, 1024, 1024, 1.897472
openmp, 1, 1, 0, 1024, 26, 20, 1024, 1024, 1024, 1.896907
openmp, 1, 1, 0, 1024, 27, 20, 1024, 1024, 1024, 1.896369
openmp, 1, 1, 0, 1024, 28, 20, 1024, 1024, 1024, 1.894014
openmp, 1, 1, 0, 1024, 29, 20, 1024, 1024, 1024, 1.899038
openmp, 1, 1, 0, 1024, 30, 20, 1024, 1024, 1024, 1.893702
openmp, 1, 1, 0, 1024, 31, 20, 1024, 1024, 1024, 1.896223
openmp, 1, 1, 0, 1024, 32, 20, 1024, 1024, 1024, 1.893698
openmp, 1, 1, 0, 1024, 4, 24, 1024, 1024, 1024, 1.921459
openmp, 1, 1, 0, 1024, 5, 24, 1024, 1024, 1024, 1.917455
openmp, 1, 1, 0, 1024, 6, 24, 1024, 1024, 1024, 1.920942
openmp, 1, 1, 0, 1024, 7, 24, 1024, 1024, 1024, 1.920481
openmp, 1, 1, 0, 1024, 8, 24, 1024, 1024, 1024, 1.920505
openmp, 1, 1, 0, 1024, 9, 24, 1024, 1024, 1024, 1.921137
openmp, 1, 1, 0, 1024, 10, 24, 1024, 1024, 1024, 1.916947
openmp, 1, 1, 0, 1024, 11, 24, 1024, 1024, 1024, 1.923950
openmp, 1, 1, 0, 1024, 12, 24, 1024, 1024, 1024, 1.922590
openmp, 1, 1, 0, 1024, 13, 24, 1024, 1024, 1024, 1.922094
openmp, 1, 1, 0, 1024, 14, 24, 1024, 1024, 1024, 1.922210
openmp, 1, 1, 0, 1024, 15, 24, 1024, 1024, 1024, 1.923045
openmp, 1, 1, 0, 1024, 16, 24, 1024, 1024, 1024, 1.923714
openmp, 1, 1, 0, 1024, 17, 24, 1024, 1024, 1024, 1.923501
openmp, 1, 1, 0, 1024, 18, 24, 1024, 1024, 1024, 1.917432
openmp, 1, 1, 0, 1024, 19, 24, 1024, 1024, 1024, 1.922934
openmp, 1, 1, 0, 1024, 20, 24, 1024, 1024, 1024, 1.921733
openmp, 1, 1, 0, 1024, 21, 24, 1024, 1024, 1024, 1.920142
openmp, 1, 1, 0, 1024, 22, 24, 1024, 1024, 1024, 1.923136
openmp, 1, 1, 0, 1024, 23, 24, 1024, 1024, 1024, 1.917305
openmp, 1, 1, 0, 1024, 24, 24, 1024, 1024, 1024, 1.919677
openmp, 1, 1, 0, 1024, 25, 24, 1024, 1024, 1024, 1.919152
openmp, 1, 1, 0, 1024, 26, 24, 1024, 1024, 1024, 1.920705
openmp, 1, 1, 0, 1024, 27, 24, 1024, 1024, 1024, 1.919309
openmp, 1, 1, 0, 1024, 28, 24, 1024, 1024, 1024, 1.922345
openmp, 1, 1, 0, 1024, 29, 24, 1024, 1024, 1024, 1.923609
openmp, 1, 1, 0, 1024, 30, 24, 1024, 1024, 1024, 1.916363
openmp, 1, 1, 0, 1024, 31, 24, 1024, 1024, 1024, 1.923952
openmp, 1, 1, 0, 1024, 32, 24, 1024, 1024, 1024, 1.922204
openmp, 1, 1, 0, 1024, 4, 28, 1024, 1024, 1024, 1.918316
openmp, 1, 1, 0, 1024, 5, 28, 1024, 1024, 1024, 1.915001
openmp, 1, 1, 0, 1024, 6, 28, 1024, 1024, 1024, 1.914575
openmp, 1, 1, 0, 1024, 7, 28, 1024, 1024, 1024, 1.913577
openmp, 1, 1, 0, 1024, 8, 28, 1024, 1024, 1024, 1.918750
openmp, 1, 1, 0, 1024, 9, 28, 1024, 1024, 1024, 1.914312
openmp, 1, 1, 0, 1024, 10, 28, 1024, 1024, 1024, 1.918376
openmp, 1, 1, 0, 1024, 11, 28, 1024, 1024, 1024, 1.903729
openmp, 1, 1, 0, 1024, 12, 28, 1024, 1024, 1024, 1.919287
openmp, 1, 1, 0, 1024, 13, 28, 1024, 1024, 1024, 1.925303
openmp, 1, 1, 0, 1024, 14, 28, 1024, 1024, 1024, 1.914592
openmp, 1, 1, 0, 1024, 15, 28, 1024, 1024, 1024, 1.913336
openmp, 1, 1, 0, 1024, 16, 28, 1024, 1024, 1024, 1.910030
openmp, 1, 1, 0, 1024, 17, 28, 1024, 1024, 1024, 1.914051
openmp, 1, 1, 0, 1024, 18, 28, 1024, 1024, 1024, 1.911867
openmp, 1, 1, 0, 1024, 19, 28, 1024, 1024, 1024, 1.917661
openmp, 1, 1, 0, 1024, 20, 28, 1024, 1024, 1024, 1.913366
openmp, 1, 1, 0, 1024, 21, 28, 1024, 1024, 1024, 1.920104
openmp, 1, 1, 0, 1024, 22, 28, 1024, 1024, 1024, 1.911857
openmp, 1, 1, 0, 1024, 23, 28, 1024, 1024, 1024, 1.913554
openmp, 1, 1, 0, 1024, 24, 28, 1024, 1024, 1024, 1.919105
openmp, 1, 1, 0, 1024, 25, 28, 1024, 1024, 1024, 1.912546
openmp, 1, 1, 0, 1024, 26, 28, 1024, 1024, 1024, 1.908438
openmp, 1, 1, 0, 1024, 27, 28, 1024, 1024, 1024, 1.911926
openmp, 1, 1, 0, 1024, 28, 28, 1024, 1024, 1024, 1.912017
openmp, 1, 1, 0, 1024, 29, 28, 1024, 1024, 1024, 1.913442
openmp, 1, 1, 0, 1024, 30, 28, 1024, 1024, 1024, 1.922580
openmp, 1, 1, 0, 1024, 31, 28, 1024, 1024, 1024, 1.907627
openmp, 1, 1, 0, 1024, 32, 28, 1024, 1024, 1024, 1.923130
openmp, 1, 1, 0, 1024, 4, 32, 1024, 1024, 1024, 2.082082
openmp, 1, 1, 0, 1024, 5, 32, 1024, 1024, 1024, 2.101639
openmp, 1, 1, 0, 1024, 6, 32, 1024, 1024, 1024, 2.087256
openmp, 1, 1, 0, 1024, 7, 32, 1024, 1024, 1024, 2.081438
openmp, 1, 1, 0, 1024, 8, 32, 1024, 1024, 1024, 2.098509
openmp, 1, 1, 0, 1024, 9, 32, 1024, 1024, 1024, 2.076048
openmp, 1, 1, 0, 1024, 10, 32, 1024, 1024, 1024, 2.083246
openmp, 1, 1, 0, 1024, 11, 32, 1024, 1024, 1024, 2.100537
openmp, 1, 1, 0, 1024, 12, 32, 1024, 1024, 1024, 2.075265
openmp, 1, 1, 0, 1024, 13, 32, 1024, 1024, 1024, 2.088305
openmp, 1, 1, 0, 1024, 14, 32, 1024, 1024, 1024, 2.088581
openmp, 1, 1, 0, 1024, 15, 32, 1024, 1024, 1024, 2.083077
openmp, 1, 1, 0, 1024, 16, 32, 1024, 1024, 1024, 2.079356
openmp, 1, 1, 0, 1024, 17, 32, 1024, 1024, 1024, 2.094587
openmp, 1, 1, 0, 1024, 18, 32, 1024, 1024, 1024, 2.081066
openmp, 1, 1, 0, 1024, 19, 32, 1024, 1024, 1024, 2.072752
openmp, 1, 1, 0, 1024, 20, 32, 1024, 1024, 1024, 2.088195
openmp, 1, 1, 0, 1024, 21, 32, 1024, 1024, 1024, 2.088273
openmp, 1, 1, 0, 1024, 22, 32, 1024, 1024, 1024, 2.081615
openmp, 1, 1, 0, 1024, 23, 32, 1024, 1024, 1024, 2.097833
openmp, 1, 1, 0, 1024, 24, 32, 1024, 1024, 1024, 2.077223
openmp, 1, 1, 0, 1024, 25, 32, 1024, 1024, 1024, 2.077425
openmp, 1, 1, 0, 1024, 26, 32, 1024, 1024, 1024, 2.110577
openmp, 1, 1, 0, 1024, 27, 32, 1024, 1024, 1024, 2.081225
openmp, 1, 1, 0, 1024, 28, 32, 1024, 1024, 1024, 2.073885
openmp, 1, 1, 0, 1024, 29, 32, 1024, 1024, 1024, 2.086266
openmp, 1, 1, 0, 1024, 30, 32, 1024, 1024, 1024, 2.080279
openmp, 1, 1, 0, 1024, 31, 32, 1024, 1024, 1024, 2.090843
openmp, 1, 1, 0, 1024, 32, 32, 1024, 1024, 1024, 2.093672
openmp, 1, 1, 0, 1152, 4, 4, 1024, 1024, 1024, 2.543367
openmp, 1, 1, 0, 1152, 5, 4, 1024, 1024, 1024, 2.538922
openmp, 1, 1, 0, 1152, 6, 4, 1024, 1024, 1024, 2.542064
openmp, 1, 1, 0, 1152, 7, 4, 1024, 1024, 1024, 2.539768
openmp, 1, 1, 0, 1152, 8, 4, 1024, 1024, 1024, 2.541428
openmp, 1, 1, 0, 1152, 9, 4, 1024, 1024, 1024, 2.543005
openmp, 1, 1, 0, 1152, 10, 4, 1024, 1024, 1024, 2.542837
openmp, 1, 1, 0, 1152, 11, 4, 1024, 1024, 1024, 2.540840
openmp, 1, 1, 0, 1152, 12, 4, 1024, 1024, 1024, 2.538960
openmp, 1, 1, 0, 1152, 13, 4, 1024, 1024, 1024, 2.543165
openmp, 1, 1, 0, 1152, 14, 4, 1024, 1024, 1024, 2.540121
openmp, 1, 1, 0, 1152, 15, 4, 1024, 1024, 1024, 2.540304
openmp, 1, 1, 0, 1152, 16, 4, 1024, 1024, 1024, 2.542451
openmp, 1, 1, 0, 1152, 17, 4, 1024, 1024, 1024, 2.540698
openmp, 1, 1, 0, 1152, 18, 4, 1024, 1024, 1024, 2.543833
openmp, 1, 1, 0, 1152, 19, 4, 1024, 1024, 1024, 2.540507
openmp, 1, 1, 0, 1152, 20, 4, 1024, 1024, 1024, 2.541510
openmp, 1, 1, 0, 1152, 21, 4, 1024, 1024, 1024, 2.539533
openmp, 1, 1, 0, 1152, 22, 4, 1024, 1024, 1024, 2.549210
openmp, 1, 1, 0, 1152, 23, 4, 1024, 1024, 1024, 2.542244
openmp, 1, 1, 0, 1152, 24, 4, 1024, 1024, 1024, 2.541371
openmp, 1, 1, 0, 1152, 25, 4, 1024, 1024, 1024, 2.538466
openmp, 1, 1, 0, 1152, 26, 4, 1024, 1024, 1024, 2.538500
openmp, 1, 1, 0, 1152, 27, 4, 1024, 1024, 1024, 2.540082
openmp, 1, 1, 0, 1152, 28, 4, 1024, 1024, 1024, 2.542412
openmp, 1, 1, 0, 1152, 29, 4, 1024, 1024, 1024, 2.544675
openmp, 1, 1, 0, 1152, 30, 4, 1024, 1024, 1024, 2.543895
openmp, 1, 1, 0, 1152, 31, 4, 1024, 1024, 1024, 2.542091
openmp, 1, 1, 0, 1152, 32, 4, 1024, 1024, 1024, 2.541181
openmp, 1, 1, 0, 1152, 4, 8, 1024, 1024, 1024, 1.994310
openmp, 1, 1, 0, 1152, 5, 8, 1024, 1024, 1024, 1.994249
openmp, 1, 1, 0, 1152, 6, 8, 1024, 1024, 1024, 1.995238
openmp, 1, 1, 0, 1152, 7, 8, 1024, 1024, 1024, 1.996527
openmp, 1, 1, 0, 1152, 8, 8, 1024, 1024, 1024, 1.994706
openmp, 1, 1, 0, 1152, 9, 8, 1024, 1024, 1024, 1.996341
openmp, 1, 1, 0, 1152, 10, 8, 1024, 1024, 1024, 1.995099
openmp, 1, 1, 0, 1152, 11, 8, 1024, 1024, 1024, 1.994574
openmp, 1, 1, 0, 1152, 12, 8, 1024, 1024, 1024, 1.994996
openmp, 1, 1, 0, 1152, 13, 8, 1024, 1024, 1024, 1.995799
openmp, 1, 1, 0, 1152, 14, 8, 1024, 1024, 1024, 1.995375
openmp, 1, 1, 0, 1152, 15, 8, 1024, 1024, 1024, 1.996652
openmp, 1, 1, 0, 1152, 16, 8, 1024, 1024, 1024, 1.995805
openmp, 1, 1, 0, 1152, 17, 8, 1024, 1024, 1024, 1.998295
openmp, 1, 1, 0, 1152, 18, 8, 1024, 1024, 1024, 2.170571
openmp, 1, 1, 0, 1152, 19, 8, 1024, 1024, 1024, 2.004892
openmp, 1, 1, 0, 1152, 20, 8, 1024, 1024, 1024, 1.996837
openmp, 1, 1, 0, 1152, 21, 8, 1024, 1024, 1024, 1.996862
openmp, 1, 1, 0, 1152, 22, 8, 1024, 1024, 1024, 1.996255
openmp, 1, 1, 0, 1152, 23, 8, 1024, 1024, 1024, 1.998430
openmp, 1, 1, 0, 1152, 24, 8, 1024, 1024, 1024, 1.996793
openmp, 1, 1, 0, 1152, 25, 8, 1024, 1024, 1024, 1.997421
openmp, 1, 1, 0, 1152, 26, 8, 1024, 1024, 1024, 1.997828
openmp, 1, 1, 0, 1152, 27, 8, 1024, 1024, 1024, 1.997578
openmp, 1, 1, 0, 1152, 28, 8, 1024, 1024, 1024, 1.997486
openmp, 1, 1, 0, 1152, 29, 8, 1024, 1024, 1024, 1.998694
openmp, 1, 1, 0, 1152, 30, 8, 1024, 1024, 1024, 2.006991
openmp, 1, 1, 0, 1152, 31, 8, 1024, 1024, 1024, 2.001178
openmp, 1, 1, 0, 1152, 32, 8, 1024, 1024, 1024, 1.998065
openmp, 1, 1, 0, 1152, 4, 16, 1024, 1024, 1024, 1.881343
openmp, 1, 1, 0, 1152, 5, 16, 1024, 1024, 1024, 1.884850
openmp, 1, 1, 0, 1152, 6, 16, 1024, 1024, 1024, 1.883240
openmp, 1, 1, 0, 1152, 7, 16, 1024, 1024, 1024, 1.883581
openmp, 1, 1, 0, 1152, 8, 16, 1024, 1024, 1024, 1.880141
openmp, 1, 1, 0, 1152, 9, 16, 1024, 1024, 1024, 1.882859
openmp, 1, 1, 0, 1152, 10, 16, 1024, 1024, 1024, 1.880720
openmp, 1, 1, 0, 1152, 11, 16, 1024, 1024, 1024, 1.881539
openmp, 1, 1, 0, 1152, 12, 16, 1024, 1024, 1024, 1.882887
openmp, 1, 1, 0, 1152, 13, 16, 1024, 1024, 1024, 1.881805
openmp, 1, 1, 0, 1152, 14, 16, 1024, 1024, 1024, 1.881430
openmp, 1, 1, 0, 1152, 15, 16, 1024, 1024, 1024, 1.885247
openmp, 1, 1, 0, 1152, 16, 16, 1024, 1024, 1024, 1.881627
openmp, 1, 1, 0, 1152, 17, 16, 1024, 1024, 1024, 1.882998
openmp, 1, 1, 0, 1152, 18, 16, 1024, 1024, 1024, 1.884309
openmp, 1, 1, 0, 1152, 19, 16, 1024, 1024, 1024, 1.886560
openmp, 1, 1, 0, 1152, 20, 16, 1024, 1024, 1024, 1.884531
openmp, 1, 1, 0, 1152, 21, 16, 1024, 1024, 1024, 1.882905
openmp, 1, 1, 0, 1152, 22, 16, 1024, 1024, 1024, 1.885628
openmp, 1, 1, 0, 1152, 23, 16, 1024, 1024, 1024, 1.883110
openmp, 1, 1, 0, 1152, 24, 16, 1024, 1024, 1024, 1.884991
openmp, 1, 1, 0, 1152, 25, 16, 1024, 1024, 1024, 1.882882
openmp, 1, 1, 0, 1152, 26, 16, 1024, 1024, 1024, 1.881881
openmp, 1, 1, 0, 1152, 27, 16, 1024, 1024, 1024, 1.882669
openmp, 1, 1, 0, 1152, 28, 16, 1024, 1024, 1024, 1.883525
openmp, 1, 1, 0, 1152, 29, 16, 1024, 1024, 1024, 1.886634
openmp, 1, 1, 0, 1152, 30, 16, 1024, 1024, 1024, 1.881298
openmp, 1, 1, 0, 1152, 31, 16, 1024, 1024, 1024, 1.883399
openmp, 1, 1, 0, 1152, 32, 16, 1024, 1024, 1024, 1.881425
openmp, 1, 1, 0, 1152, 4, 20, 1024, 1024, 1024, 1.895302
openmp, 1, 1, 0, 1152, 5, 20, 1024, 1024, 1024, 1.893306
openmp, 1, 1, 0, 1152, 6, 20, 1024, 1024, 1024, 1.894031
openmp, 1, 1, 0, 1152, 7, 20, 1024, 1024, 1024, 1.891551
openmp, 1, 1, 0, 1152, 8, 20, 1024, 1024, 1024, 1.893855
openmp, 1, 1, 0, 1152, 9, 20, 1024, 1024, 1024, 1.892161
openmp, 1, 1, 0, 1152, 10, 20, 1024, 1024, 1024, 1.981250
openmp, 1, 1, 0, 1152, 11, 20, 1024, 1024, 1024, 1.898141
openmp, 1, 1, 0, 1152, 12, 20, 1024, 1024, 1024, 1.895931
openmp, 1, 1, 0, 1152, 13, 20, 1024, 1024, 1024, 1.895308
openmp, 1, 1, 0, 1152, 14, 20, 1024, 1024, 1024, 1.893007
openmp, 1, 1, 0, 1152, 15, 20, 1024, 1024, 1024, 1.894965
openmp, 1, 1, 0, 1152, 16, 20, 1024, 1024, 1024, 1.893979
openmp, 1, 1, 0, 1152, 17, 20, 1024, 1024, 1024, 1.896135
openmp, 1, 1, 0, 1152, 18, 20, 1024, 1024, 1024, 1.894849
openmp, 1, 1, 0, 1152, 19, 20, 1024, 1024, 1024, 1.895309
openmp, 1, 1, 0, 1152, 20, 20, 1024, 1024, 1024, 1.894291
openmp, 1, 1, 0, 1152, 21, 20, 1024, 1024, 1024, 1.894901
openmp, 1, 1, 0, 1152, 22, 20, 1024, 1024, 1024, 1.894482
openmp, 1, 1, 0, 1152, 23, 20, 1024, 1024, 1024, 1.897802
openmp, 1, 1, 0, 1152, 24, 20, 1024, 1024, 1024, 1.893937
openmp, 1, 1, 0, 1152, 25, 20, 1024, 1024, 1024, 1.897587
openmp, 1, 1, 0, 1152, 26, 20, 1024, 1024, 1024, 1.894219
openmp, 1, 1, 0, 1152, 27, 20, 1024, 1024, 1024, 1.894675
openmp, 1, 1, 0, 1152, 28, 20, 1024, 1024, 1024, 1.894974
openmp, 1, 1, 0, 1152, 29, 20, 1024, 1024, 1024, 1.894436
openmp, 1, 1, 0, 1152, 30, 20, 1024, 1024, 1024, 1.896710
openmp, 1, 1, 0, 1152, 31, 20, 1024, 1024, 1024, 1.894199
openmp, 1, 1, 0, 1152, 32, 20, 1024, 1024, 1024, 1.896106
openmp, 1, 1, 0, 1152, 4, 24, 1024, 1024, 1024, 1.916911
openmp, 1, 1, 0, 1152, 5, 24, 1024, 1024, 1024, 1.923892
openmp, 1, 1, 0, 1152, 6, 24, 1024, 1024, 1024, 1.917670
openmp, 1, 1, 0, 1152, 7, 24, 1024, 1024, 1024, 1.917214
openmp, 1, 1, 0, 1152, 8, 24, 1024, 1024, 1024, 1.917114
openmp, 1, 1, 0, 1152, 9, 24, 1024, 1024, 1024, 1.919250
openmp, 1, 1, 0, 1152, 10, 24, 1024, 1024, 1024, 1.915984
openmp, 1, 1, 0, 1152, 11, 24, 1024, 1024, 1024, 1.919987
openmp, 1, 1, 0, 1152, 12, 24, 1024, 1024, 1024, 1.918491
openmp, 1, 1, 0, 1152, 13, 24, 1024, 1024, 1024, 1.920348
openmp, 1, 1, 0, 1152, 14, 24, 1024, 1024, 1024, 1.925003
openmp, 1, 1, 0, 1152, 15, 24, 1024, 1024, 1024, 1.918129
openmp, 1, 1, 0, 1152, 16, 24, 1024, 1024, 1024, 1.924286
openmp, 1, 1, 0, 1152, 17, 24, 1024, 1024, 1024, 1.913857
openmp, 1, 1, 0, 1152, 18, 24, 1024, 1024, 1024, 1.917836
openmp, 1, 1, 0, 1152, 19, 24, 1024, 1024, 1024, 1.916487
openmp, 1, 1, 0, 1152, 20, 24, 1024, 1024, 1024, 1.916622
openmp, 1, 1, 0, 1152, 21, 24, 1024, 1024, 1024, 1.918072
openmp, 1, 1, 0, 1152, 22, 24, 1024, 1024, 1024, 1.916895
openmp, 1, 1, 0, 1152, 23, 24, 1024, 1024, 1024, 1.922240
openmp, 1, 1, 0, 1152, 24, 24, 1024, 1024, 1024, 1.923152
openmp, 1, 1, 0, 1152, 25, 24, 1024, 1024, 1024, 1.916225
openmp, 1, 1, 0, 1152, 26, 24, 1024, 1024, 1024, 1.920399
openmp, 1, 1, 0, 1152, 27, 24, 1024, 1024, 1024, 1.917304
openmp, 1, 1, 0, 1152, 28, 24, 1024, 1024, 1024, 1.919230
openmp, 1, 1, 0, 1152, 29, 24, 1024, 1024, 1024, 1.922925
openmp, 1, 1, 0, 1152, 30, 24, 1024, 1024, 1024, 1.916198
openmp, 1, 1, 0, 1152, 31, 24, 1024, 1024, 1024, 1.922802
openmp, 1, 1, 0, 1152, 32, 24, 1024, 1024, 1024, 1.919760
openmp, 1, 1, 0, 1152, 4, 28, 1024, 1024, 1024, 1.910642
openmp, 1, 1, 0, 1152, 5, 28, 1024, 1024, 1024, 1.919112
openmp, 1, 1, 0, 1152, 6, 28, 1024, 1024, 1024, 1.912562
openmp, 1, 1, 0, 1152, 7, 28, 1024, 1024, 1024, 1.916570
openmp, 1, 1, 0, 1152, 8, 28, 1024, 1024, 1024, 1.911263
openmp, 1, 1, 0, 1152, 9, 28, 1024, 1024, 1024, 1.916657
openmp, 1, 1, 0, 1152, 10, 28, 1024, 1024, 1024, 1.923669
openmp, 1, 1, 0, 1152, 11, 28, 1024, 1024, 1024, 1.908008
openmp, 1, 1, 0, 1152, 12, 28, 1024, 1024, 1024, 1.942558
openmp, 1, 1, 0, 1152, 13, 28, 1024, 1024, 1024, 1.921079
openmp, 1, 1, 0, 1152, 14, 28, 1024, 1024, 1024, 1.919491
openmp, 1, 1, 0, 1152, 15, 28, 1024, 1024, 1024, 1.910763
openmp, 1, 1, 0, 1152, 16, 28, 1024, 1024, 1024, 1.909579
openmp, 1, 1, 0, 1152, 17, 28, 1024, 1024, 1024, 1.915160
openmp, 1, 1, 0, 1152, 18, 28, 1024, 1024, 1024, 1.913851
openmp, 1, 1, 0, 1152, 19, 28, 1024, 1024, 1024, 1.915750
openmp, 1, 1, 0, 1152, 20, 28, 1024, 1024, 1024, 1.912269
openmp, 1, 1, 0, 1152, 21, 28, 1024, 1024, 1024, 1.918645
openmp, 1, 1, 0, 1152, 22, 28, 1024, 1024, 1024, 2.014518
openmp, 1, 1, 0, 1152, 23, 28, 1024, 1024, 1024, 1.917667
openmp, 1, 1, 0, 1152, 24, 28, 1024, 1024, 1024, 1.915047
openmp, 1, 1, 0, 1152, 25, 28, 1024, 1024, 1024, 1.910378
openmp, 1, 1, 0, 1152, 26, 28, 1024, 1024, 1024, 1.911010
openmp, 1, 1, 0, 1152, 27, 28, 1024, 1024, 1024, 1.915581
openmp, 1, 1, 0, 1152, 28, 28, 1024, 1024, 1024, 1.917779
openmp, 1, 1, 0, 1152, 29, 28, 1024, 1024, 1024, 1.910260
openmp, 1, 1, 0, 1152, 30, 28, 1024, 1024, 1024, 1.910568
openmp, 1, 1, 0, 1152, 31, 28, 1024, 1024, 1024, 1.925220
openmp, 1, 1, 0, 1152, 32, 28, 1024, 1024, 1024, 1.919005
openmp, 1, 1, 0, 1152, 4, 32, 1024, 1024, 1024, 2.083465
openmp, 1, 1, 0, 1152, 5, 32, 1024, 1024, 1024, 2.073278
openmp, 1, 1, 0, 1152, 6, 32, 1024, 1024, 1024, 2.077855
openmp, 1, 1, 0, 1152, 7, 32, 1024, 1024, 1024, 2.071268
openmp, 1, 1, 0, 1152, 8, 32, 1024, 1024, 1024, 2.079773
openmp, 1, 1, 0, 1152, 9, 32, 1024, 1024, 1024, 2.233531
openmp, 1, 1, 0, 1152, 10, 32, 1024, 1024, 1024, 2.080975
openmp, 1, 1, 0, 1152, 11, 32, 1024, 1024, 1024, 2.076862
openmp, 1, 1, 0, 1152, 12, 32, 1024, 1024, 1024, 2.071504
openmp, 1, 1, 0, 1152, 13, 32, 1024, 1024, 1024, 2.079212
openmp, 1, 1, 0, 1152, 14, 32, 1024, 1024, 1024, 2.083888
openmp, 1, 1, 0, 1152, 15, 32, 1024, 1024, 1024, 2.080193
openmp, 1, 1, 0, 1152, 16, 32, 1024, 1024, 1024, 2.080508
openmp, 1, 1, 0, 1152, 17, 32, 1024, 1024, 1024, 2.076224
openmp, 1, 1, 0, 1152, 18, 32, 1024, 1024, 1024, 2.081996
openmp, 1, 1, 0, 1152, 19, 32, 1024, 1024, 1024, 2.077832
openmp, 1, 1, 0, 1152, 20, 32, 1024, 1024, 1024, 2.092411
openmp, 1, 1, 0, 1152, 21, 32, 1024, 1024, 1024, 2.077088
openmp, 1, 1, 0, 1152, 22, 32, 1024, 1024, 1024, 2.093526
openmp, 1, 1, 0, 1152, 23, 32, 1024, 1024, 1024, 2.077483
openmp, 1, 1, 0, 1152, 24, 32, 1024, 1024, 1024, 2.069272
openmp, 1, 1, 0, 1152, 25, 32, 1024, 1024, 1024, 2.086205
openmp, 1, 1, 0, 1152, 26, 32, 1024, 1024, 1024, 2.079876
openmp, 1, 1, 0, 1152, 27, 32, 1024, 1024, 1024, 2.083883
openmp, 1, 1, 0, 1152, 28, 32, 1024, 1024, 1024, 2.083114
openmp, 1, 1, 0, 1152, 29, 32, 1024, 1024, 1024, 2.085559
openmp, 1, 1, 0, 1152, 30, 32, 1024, 1024, 1024, 2.085471
openmp, 1, 1, 0, 1152, 31, 32, 1024, 1024, 1024, 2.077283
openmp, 1, 1, 0, 1152, 32, 32, 1024, 1024, 1024, 2.228720
