mm, 1, 1, 1, openmp, 256, 256, 256, 0.302492, 5, 0.060498
mm, 1, 1, 2, openmp, 256, 256, 256, 0.155382, 5, 0.031076
mm, 1, 1, 4, openmp, 256, 256, 256, 0.082989, 5, 0.016598
mm, 1, 1, 8, openmp, 256, 256, 256, 0.042278, 5, 0.008456
mm, 1, 1, 1, mkl, 256, 256, 256, 0.033163, 5, 0.006633
mm, 1, 1, 2, mkl, 256, 256, 256, 0.018708, 5, 0.003742
mm, 1, 1, 4, mkl, 256, 256, 256, 0.013696, 5, 0.002739
mm, 1, 1, 8, mkl, 256, 256, 256, 0.018410, 5, 0.003682
mm, 1, 1, 1, openmp, 256, 256, 512, 0.601516, 5, 0.120303
mm, 1, 1, 2, openmp, 256, 256, 512, 0.305025, 5, 0.061005
mm, 1, 1, 4, openmp, 256, 256, 512, 0.154087, 5, 0.030817
mm, 1, 1, 8, openmp, 256, 256, 512, 0.114981, 5, 0.022996
mm, 1, 1, 1, mkl, 256, 256, 512, 0.058064, 5, 0.011613
mm, 1, 1, 2, mkl, 256, 256, 512, 0.032900, 5, 0.006580
mm, 1, 1, 4, mkl, 256, 256, 512, 0.019738, 5, 0.003948
mm, 1, 1, 8, mkl, 256, 256, 512, 0.020176, 5, 0.004035
mm, 1, 1, 1, openmp, 256, 256, 1024, 1.230518, 5, 0.246104
mm, 1, 1, 2, openmp, 256, 256, 1024, 0.622091, 5, 0.124418
mm, 1, 1, 4, openmp, 256, 256, 1024, 0.313262, 5, 0.062652
mm, 1, 1, 8, openmp, 256, 256, 1024, 0.403388, 5, 0.080678
mm, 1, 1, 1, mkl, 256, 256, 1024, 0.109729, 5, 0.021946
mm, 1, 1, 2, mkl, 256, 256, 1024, 0.059990, 5, 0.011998
mm, 1, 1, 4, mkl, 256, 256, 1024, 0.034807, 5, 0.006961
mm, 1, 1, 8, mkl, 256, 256, 1024, 0.027324, 5, 0.005465
mm, 1, 1, 1, openmp, 256, 256, 2048, 2.291328, 5, 0.458266
mm, 1, 1, 2, openmp, 256, 256, 2048, 1.174450, 5, 0.234890
mm, 1, 1, 4, openmp, 256, 256, 2048, 0.604396, 5, 0.120879
mm, 1, 1, 8, openmp, 256, 256, 2048, 0.310129, 5, 0.062026
mm, 1, 1, 1, mkl, 256, 256, 2048, 0.215520, 5, 0.043104
mm, 1, 1, 2, mkl, 256, 256, 2048, 0.114124, 5, 0.022825
mm, 1, 1, 4, mkl, 256, 256, 2048, 0.063212, 5, 0.012642
mm, 1, 1, 8, mkl, 256, 256, 2048, 0.037738, 5, 0.007548
mm, 1, 1, 1, openmp, 256, 512, 256, 0.602399, 5, 0.120480
mm, 1, 1, 2, openmp, 256, 512, 256, 0.311103, 5, 0.062221
mm, 1, 1, 4, openmp, 256, 512, 256, 0.154799, 5, 0.030960
mm, 1, 1, 8, openmp, 256, 512, 256, 0.182781, 5, 0.036556
mm, 1, 1, 1, mkl, 256, 512, 256, 0.057331, 5, 0.011466
mm, 1, 1, 2, mkl, 256, 512, 256, 0.033163, 5, 0.006633
mm, 1, 1, 4, mkl, 256, 512, 256, 0.020469, 5, 0.004094
mm, 1, 1, 8, mkl, 256, 512, 256, 0.020159, 5, 0.004032
mm, 1, 1, 1, openmp, 256, 512, 512, 1.202234, 5, 0.240447
mm, 1, 1, 2, openmp, 256, 512, 512, 0.611005, 5, 0.122201
mm, 1, 1, 4, openmp, 256, 512, 512, 0.306326, 5, 0.061265
mm, 1, 1, 8, openmp, 256, 512, 512, 0.177164, 5, 0.035433
mm, 1, 1, 1, mkl, 256, 512, 512, 0.109235, 5, 0.021847
mm, 1, 1, 2, mkl, 256, 512, 512, 0.058380, 5, 0.011676
mm, 1, 1, 4, mkl, 256, 512, 512, 0.034897, 5, 0.006979
mm, 1, 1, 8, mkl, 256, 512, 512, 0.026489, 5, 0.005298
mm, 1, 1, 1, openmp, 256, 512, 1024, 2.435081, 5, 0.487016
mm, 1, 1, 2, openmp, 256, 512, 1024, 1.255820, 5, 0.251164
mm, 1, 1, 4, openmp, 256, 512, 1024, 0.630491, 5, 0.126098
mm, 1, 1, 8, openmp, 256, 512, 1024, 0.882861, 5, 0.176572
mm, 1, 1, 1, mkl, 256, 512, 1024, 0.212687, 5, 0.042537
mm, 1, 1, 2, mkl, 256, 512, 1024, 0.112587, 5, 0.022517
mm, 1, 1, 4, mkl, 256, 512, 1024, 0.060831, 5, 0.012166
mm, 1, 1, 8, mkl, 256, 512, 1024, 0.042226, 5, 0.008445
mm, 1, 1, 1, openmp, 256, 512, 2048, 4.553786, 5, 0.910757
mm, 1, 1, 2, openmp, 256, 512, 2048, 2.331157, 5, 0.466231
mm, 1, 1, 4, openmp, 256, 512, 2048, 1.171295, 5, 0.234259
mm, 1, 1, 8, openmp, 256, 512, 2048, 0.879094, 5, 0.175819
mm, 1, 1, 1, mkl, 256, 512, 2048, 0.420727, 5, 0.084145
mm, 1, 1, 2, mkl, 256, 512, 2048, 0.222704, 5, 0.044541
mm, 1, 1, 4, mkl, 256, 512, 2048, 0.114602, 5, 0.022920
mm, 1, 1, 8, mkl, 256, 512, 2048, 0.066205, 5, 0.013241
mm, 1, 1, 1, openmp, 256, 1024, 256, 1.208137, 5, 0.241627
mm, 1, 1, 2, openmp, 256, 1024, 256, 0.613218, 5, 0.122644
mm, 1, 1, 4, openmp, 256, 1024, 256, 0.308496, 5, 0.061699
mm, 1, 1, 8, openmp, 256, 1024, 256, 0.250218, 5, 0.050044
mm, 1, 1, 1, mkl, 256, 1024, 256, 0.109166, 5, 0.021833
mm, 1, 1, 2, mkl, 256, 1024, 256, 0.057472, 5, 0.011494
mm, 1, 1, 4, mkl, 256, 1024, 256, 0.033684, 5, 0.006737
mm, 1, 1, 8, mkl, 256, 1024, 256, 0.044274, 5, 0.008855
mm, 1, 1, 1, openmp, 256, 1024, 512, 2.403852, 5, 0.480770
mm, 1, 1, 2, openmp, 256, 1024, 512, 1.222455, 5, 0.244491
mm, 1, 1, 4, openmp, 256, 1024, 512, 0.605057, 5, 0.121011
mm, 1, 1, 8, openmp, 256, 1024, 512, 0.523745, 5, 0.104749
mm, 1, 1, 1, mkl, 256, 1024, 512, 0.212017, 5, 0.042403
mm, 1, 1, 2, mkl, 256, 1024, 512, 0.113297, 5, 0.022659
mm, 1, 1, 4, mkl, 256, 1024, 512, 0.059277, 5, 0.011855
mm, 1, 1, 8, mkl, 256, 1024, 512, 0.026478, 5, 0.005296
mm, 1, 1, 1, openmp, 256, 1024, 1024, 4.840131, 5, 0.968026
mm, 1, 1, 2, openmp, 256, 1024, 1024, 2.457671, 5, 0.491534
mm, 1, 1, 4, openmp, 256, 1024, 1024, 1.223516, 5, 0.244703
mm, 1, 1, 8, openmp, 256, 1024, 1024, 0.627522, 5, 0.125504
mm, 1, 1, 1, mkl, 256, 1024, 1024, 0.419760, 5, 0.083952
mm, 1, 1, 2, mkl, 256, 1024, 1024, 0.210534, 5, 0.042107
mm, 1, 1, 4, mkl, 256, 1024, 1024, 0.113796, 5, 0.022759
mm, 1, 1, 8, mkl, 256, 1024, 1024, 0.041392, 5, 0.008278
mm, 1, 1, 1, openmp, 256, 1024, 2048, 9.080899, 5, 1.816180
mm, 1, 1, 2, openmp, 256, 1024, 2048, 4.587981, 5, 0.917596
mm, 1, 1, 4, openmp, 256, 1024, 2048, 2.221110, 5, 0.444222
mm, 1, 1, 8, openmp, 256, 1024, 2048, 1.219947, 5, 0.243989
mm, 1, 1, 1, mkl, 256, 1024, 2048, 0.831750, 5, 0.166350
mm, 1, 1, 2, mkl, 256, 1024, 2048, 0.429066, 5, 0.085813
mm, 1, 1, 4, mkl, 256, 1024, 2048, 0.218169, 5, 0.043634
mm, 1, 1, 8, mkl, 256, 1024, 2048, 0.072960, 5, 0.014592
mm, 1, 1, 1, openmp, 256, 2048, 256, 2.410575, 5, 0.482115
mm, 1, 1, 2, openmp, 256, 2048, 256, 1.234566, 5, 0.246913
mm, 1, 1, 4, openmp, 256, 2048, 256, 0.605993, 5, 0.121199
mm, 1, 1, 8, openmp, 256, 2048, 256, 0.494254, 5, 0.098851
mm, 1, 1, 1, mkl, 256, 2048, 256, 0.215064, 5, 0.043013
mm, 1, 1, 2, mkl, 256, 2048, 256, 0.110259, 5, 0.022052
mm, 1, 1, 4, mkl, 256, 2048, 256, 0.059324, 5, 0.011865
mm, 1, 1, 8, mkl, 256, 2048, 256, 0.030773, 5, 0.006155
mm, 1, 1, 1, openmp, 256, 2048, 512, 4.800623, 5, 0.960125
mm, 1, 1, 2, openmp, 256, 2048, 512, 2.439655, 5, 0.487931
mm, 1, 1, 4, openmp, 256, 2048, 512, 1.223221, 5, 0.244644
mm, 1, 1, 8, openmp, 256, 2048, 512, 0.689559, 5, 0.137912
mm, 1, 1, 1, mkl, 256, 2048, 512, 0.420588, 5, 0.084118
mm, 1, 1, 2, mkl, 256, 2048, 512, 0.211282, 5, 0.042256
mm, 1, 1, 4, mkl, 256, 2048, 512, 0.112455, 5, 0.022491
mm, 1, 1, 8, mkl, 256, 2048, 512, 0.045704, 5, 0.009141
mm, 1, 1, 1, openmp, 256, 2048, 1024, 9.641602, 5, 1.928320
mm, 1, 1, 2, openmp, 256, 2048, 1024, 4.918476, 5, 0.983695
mm, 1, 1, 4, openmp, 256, 2048, 1024, 2.460144, 5, 0.492029
mm, 1, 1, 8, openmp, 256, 2048, 1024, 2.082584, 5, 0.416517
mm, 1, 1, 1, mkl, 256, 2048, 1024, 0.833227, 5, 0.166645
mm, 1, 1, 2, mkl, 256, 2048, 1024, 0.418854, 5, 0.083771
mm, 1, 1, 4, mkl, 256, 2048, 1024, 0.215848, 5, 0.043170
mm, 1, 1, 8, mkl, 256, 2048, 1024, 0.176115, 5, 0.035223
mm, 1, 1, 1, openmp, 256, 2048, 2048, 18.098877, 5, 3.619775
mm, 1, 1, 2, openmp, 256, 2048, 2048, 9.145329, 5, 1.829066
mm, 1, 1, 4, openmp, 256, 2048, 2048, 4.567589, 5, 0.913518
mm, 1, 1, 8, openmp, 256, 2048, 2048, 2.685315, 5, 0.537063
mm, 1, 1, 1, mkl, 256, 2048, 2048, 1.657956, 5, 0.331591
mm, 1, 1, 2, mkl, 256, 2048, 2048, 0.847515, 5, 0.169503
mm, 1, 1, 4, mkl, 256, 2048, 2048, 0.428811, 5, 0.085762
mm, 1, 1, 8, mkl, 256, 2048, 2048, 0.228430, 5, 0.045686
mm, 1, 1, 1, openmp, 512, 256, 256, 0.653818, 5, 0.130764
mm, 1, 1, 2, openmp, 512, 256, 256, 0.332870, 5, 0.066574
mm, 1, 1, 4, openmp, 512, 256, 256, 0.168976, 5, 0.033795
mm, 1, 1, 8, openmp, 512, 256, 256, 0.133255, 5, 0.026651
mm, 1, 1, 1, mkl, 512, 256, 256, 0.057654, 5, 0.011531
mm, 1, 1, 2, mkl, 512, 256, 256, 0.032149, 5, 0.006430
mm, 1, 1, 4, mkl, 512, 256, 256, 0.019557, 5, 0.003911
mm, 1, 1, 8, mkl, 512, 256, 256, 0.016972, 5, 0.003394
mm, 1, 1, 1, openmp, 512, 256, 512, 1.314912, 5, 0.262982
mm, 1, 1, 2, openmp, 512, 256, 512, 0.704883, 5, 0.140977
mm, 1, 1, 4, openmp, 512, 256, 512, 0.357339, 5, 0.071468
mm, 1, 1, 8, openmp, 512, 256, 512, 0.609322, 5, 0.121864
mm, 1, 1, 1, mkl, 512, 256, 512, 0.113977, 5, 0.022795
mm, 1, 1, 2, mkl, 512, 256, 512, 0.065583, 5, 0.013117
mm, 1, 1, 4, mkl, 512, 256, 512, 0.048529, 5, 0.009706
mm, 1, 1, 8, mkl, 512, 256, 512, 0.037271, 5, 0.007454
mm, 1, 1, 1, openmp, 512, 256, 1024, 2.385400, 5, 0.477080
mm, 1, 1, 2, openmp, 512, 256, 1024, 1.243653, 5, 0.248731
mm, 1, 1, 4, openmp, 512, 256, 1024, 0.626980, 5, 0.125396
mm, 1, 1, 8, openmp, 512, 256, 1024, 0.642120, 5, 0.128424
mm, 1, 1, 1, mkl, 512, 256, 1024, 0.212675, 5, 0.042535
mm, 1, 1, 2, mkl, 512, 256, 1024, 0.110956, 5, 0.022191
mm, 1, 1, 4, mkl, 512, 256, 1024, 0.060994, 5, 0.012199
mm, 1, 1, 8, mkl, 512, 256, 1024, 0.067257, 5, 0.013451
mm, 1, 1, 1, openmp, 512, 256, 2048, 16.649325, 5, 3.329865
mm, 1, 1, 2, openmp, 512, 256, 2048, 11.236009, 5, 2.247202
mm, 1, 1, 4, openmp, 512, 256, 2048, 4.783076, 5, 0.956615
mm, 1, 1, 8, openmp, 512, 256, 2048, 2.821447, 5, 0.564289
mm, 1, 1, 1, mkl, 512, 256, 2048, 0.421299, 5, 0.084260
mm, 1, 1, 2, mkl, 512, 256, 2048, 0.215494, 5, 0.043099
mm, 1, 1, 4, mkl, 512, 256, 2048, 0.115335, 5, 0.023067
mm, 1, 1, 8, mkl, 512, 256, 2048, 0.166007, 5, 0.033201
mm, 1, 1, 1, openmp, 512, 512, 256, 1.307646, 5, 0.261529
mm, 1, 1, 2, openmp, 512, 512, 256, 0.654166, 5, 0.130833
mm, 1, 1, 4, openmp, 512, 512, 256, 0.339193, 5, 0.067839
mm, 1, 1, 8, openmp, 512, 512, 256, 0.221087, 5, 0.044217
mm, 1, 1, 1, mkl, 512, 512, 256, 0.109385, 5, 0.021877
mm, 1, 1, 2, mkl, 512, 512, 256, 0.057663, 5, 0.011533
mm, 1, 1, 4, mkl, 512, 512, 256, 0.033851, 5, 0.006770
mm, 1, 1, 8, mkl, 512, 512, 256, 0.029649, 5, 0.005930
mm, 1, 1, 1, openmp, 512, 512, 512, 2.619731, 5, 0.523946
mm, 1, 1, 2, openmp, 512, 512, 512, 1.315181, 5, 0.263036
mm, 1, 1, 4, openmp, 512, 512, 512, 0.672846, 5, 0.134569
mm, 1, 1, 8, openmp, 512, 512, 512, 1.826153, 5, 0.365231
mm, 1, 1, 1, mkl, 512, 512, 512, 0.210716, 5, 0.042143
mm, 1, 1, 2, mkl, 512, 512, 512, 0.108031, 5, 0.021606
mm, 1, 1, 4, mkl, 512, 512, 512, 0.070000, 5, 0.014000
mm, 1, 1, 8, mkl, 512, 512, 512, 0.034492, 5, 0.006898
mm, 1, 1, 1, openmp, 512, 512, 1024, 5.573491, 5, 1.114698
mm, 1, 1, 2, openmp, 512, 512, 1024, 2.789761, 5, 0.557952
mm, 1, 1, 4, openmp, 512, 512, 1024, 1.237954, 5, 0.247591
mm, 1, 1, 8, openmp, 512, 512, 1024, 0.891908, 5, 0.178382
mm, 1, 1, 1, mkl, 512, 512, 1024, 0.417353, 5, 0.083471
mm, 1, 1, 2, mkl, 512, 512, 1024, 0.216771, 5, 0.043354
mm, 1, 1, 4, mkl, 512, 512, 1024, 0.117478, 5, 0.023496
mm, 1, 1, 8, mkl, 512, 512, 1024, 0.105896, 5, 0.021179
mm, 1, 1, 1, openmp, 512, 512, 2048, 32.500003, 5, 6.500001
mm, 1, 1, 2, openmp, 512, 512, 2048, 17.615815, 5, 3.523163
mm, 1, 1, 4, openmp, 512, 512, 2048, 10.158458, 5, 2.031692
mm, 1, 1, 8, openmp, 512, 512, 2048, 5.338560, 5, 1.067712
mm, 1, 1, 1, mkl, 512, 512, 2048, 0.531253, 5, 0.106251
mm, 1, 1, 2, mkl, 512, 512, 2048, 0.430317, 5, 0.086063
mm, 1, 1, 4, mkl, 512, 512, 2048, 0.222203, 5, 0.044441
mm, 1, 1, 8, mkl, 512, 512, 2048, 0.143093, 5, 0.028619
mm, 1, 1, 1, openmp, 512, 1024, 256, 2.602660, 5, 0.520532
mm, 1, 1, 2, openmp, 512, 1024, 256, 1.327739, 5, 0.265548
mm, 1, 1, 4, openmp, 512, 1024, 256, 0.673580, 5, 0.134716
mm, 1, 1, 8, openmp, 512, 1024, 256, 0.334579, 5, 0.066916
mm, 1, 1, 1, mkl, 512, 1024, 256, 0.211018, 5, 0.042204
mm, 1, 1, 2, mkl, 512, 1024, 256, 0.114043, 5, 0.022809
mm, 1, 1, 4, mkl, 512, 1024, 256, 0.058675, 5, 0.011735
mm, 1, 1, 8, mkl, 512, 1024, 256, 0.048985, 5, 0.009797
mm, 1, 1, 1, openmp, 512, 1024, 512, 5.194772, 5, 1.038954
mm, 1, 1, 2, openmp, 512, 1024, 512, 2.661401, 5, 0.532280
mm, 1, 1, 4, openmp, 512, 1024, 512, 1.320175, 5, 0.264035
mm, 1, 1, 8, openmp, 512, 1024, 512, 0.958104, 5, 0.191621
mm, 1, 1, 1, mkl, 512, 1024, 512, 0.416754, 5, 0.083351
mm, 1, 1, 2, mkl, 512, 1024, 512, 0.218548, 5, 0.043710
mm, 1, 1, 4, mkl, 512, 1024, 512, 0.113710, 5, 0.022742
mm, 1, 1, 8, mkl, 512, 1024, 512, 0.067200, 5, 0.013440
mm, 1, 1, 1, openmp, 512, 1024, 1024, 11.064585, 5, 2.212917
mm, 1, 1, 2, openmp, 512, 1024, 1024, 4.842411, 5, 0.968482
mm, 1, 1, 4, openmp, 512, 1024, 1024, 2.449626, 5, 0.489925
mm, 1, 1, 8, openmp, 512, 1024, 1024, 1.033901, 5, 0.206780
mm, 1, 1, 1, mkl, 512, 1024, 1024, 0.825258, 5, 0.165052
mm, 1, 1, 2, mkl, 512, 1024, 1024, 0.425863, 5, 0.085173
mm, 1, 1, 4, mkl, 512, 1024, 1024, 0.215253, 5, 0.043051
mm, 1, 1, 8, mkl, 512, 1024, 1024, 0.230800, 5, 0.046160
mm, 1, 1, 1, openmp, 512, 1024, 2048, 66.716947, 5, 13.343389
mm, 1, 1, 2, openmp, 512, 1024, 2048, 37.806445, 5, 7.561289
mm, 1, 1, 4, openmp, 512, 1024, 2048, 21.382145, 5, 4.276429
mm, 1, 1, 8, openmp, 512, 1024, 2048, 12.012954, 5, 2.402591
mm, 1, 1, 1, mkl, 512, 1024, 2048, 1.642626, 5, 0.328525
mm, 1, 1, 2, mkl, 512, 1024, 2048, 0.835333, 5, 0.167067
mm, 1, 1, 4, mkl, 512, 1024, 2048, 0.422949, 5, 0.084590
mm, 1, 1, 8, mkl, 512, 1024, 2048, 0.222156, 5, 0.044431
mm, 1, 1, 1, openmp, 512, 2048, 256, 5.205130, 5, 1.041026
mm, 1, 1, 2, openmp, 512, 2048, 256, 2.611225, 5, 0.522245
mm, 1, 1, 4, openmp, 512, 2048, 256, 1.305637, 5, 0.261127
mm, 1, 1, 8, openmp, 512, 2048, 256, 0.804526, 5, 0.160905
mm, 1, 1, 1, mkl, 512, 2048, 256, 0.417689, 5, 0.083538
mm, 1, 1, 2, mkl, 512, 2048, 256, 0.215666, 5, 0.043133
mm, 1, 1, 4, mkl, 512, 2048, 256, 0.110486, 5, 0.022097
mm, 1, 1, 8, mkl, 512, 2048, 256, 0.069557, 5, 0.013911
mm, 1, 1, 1, openmp, 512, 2048, 512, 10.380267, 5, 2.076053
mm, 1, 1, 2, openmp, 512, 2048, 512, 5.315533, 5, 1.063107
mm, 1, 1, 4, openmp, 512, 2048, 512, 2.661472, 5, 0.532294
mm, 1, 1, 8, openmp, 512, 2048, 512, 1.030210, 5, 0.206042
mm, 1, 1, 1, mkl, 512, 2048, 512, 0.825223, 5, 0.165045
mm, 1, 1, 2, mkl, 512, 2048, 512, 0.422189, 5, 0.084438
mm, 1, 1, 4, mkl, 512, 2048, 512, 0.218211, 5, 0.043642
mm, 1, 1, 8, mkl, 512, 2048, 512, 0.141351, 5, 0.028270
mm, 1, 1, 1, openmp, 512, 2048, 1024, 18.918811, 5, 3.783762
mm, 1, 1, 2, openmp, 512, 2048, 1024, 9.530392, 5, 1.906078
mm, 1, 1, 4, openmp, 512, 2048, 1024, 4.844472, 5, 0.968894
mm, 1, 1, 8, openmp, 512, 2048, 1024, 2.584989, 5, 0.516998
mm, 1, 1, 1, mkl, 512, 2048, 1024, 1.643137, 5, 0.328627
mm, 1, 1, 2, mkl, 512, 2048, 1024, 0.840462, 5, 0.168092
mm, 1, 1, 4, mkl, 512, 2048, 1024, 0.430967, 5, 0.086193
mm, 1, 1, 8, mkl, 512, 2048, 1024, 0.467283, 5, 0.093457
mm, 1, 1, 1, openmp, 512, 2048, 2048, 132.843601, 5, 26.568720
mm, 1, 1, 2, openmp, 512, 2048, 2048, 84.492219, 5, 16.898444
mm, 1, 1, 4, openmp, 512, 2048, 2048, 42.340808, 5, 8.468162
mm, 1, 1, 8, openmp, 512, 2048, 2048, 22.011505, 5, 4.402301
mm, 1, 1, 1, mkl, 512, 2048, 2048, 3.278078, 5, 0.655616
mm, 1, 1, 2, mkl, 512, 2048, 2048, 1.636523, 5, 0.327305
mm, 1, 1, 4, mkl, 512, 2048, 2048, 0.854342, 5, 0.170868
mm, 1, 1, 8, mkl, 512, 2048, 2048, 0.248041, 5, 0.049608
mm, 1, 1, 1, openmp, 1024, 256, 256, 1.323463, 5, 0.264693
mm, 1, 1, 2, openmp, 1024, 256, 256, 0.664893, 5, 0.132979
mm, 1, 1, 4, openmp, 1024, 256, 256, 0.337720, 5, 0.067544
mm, 1, 1, 8, openmp, 1024, 256, 256, 0.574276, 5, 0.114855
mm, 1, 1, 1, mkl, 1024, 256, 256, 0.109539, 5, 0.021908
mm, 1, 1, 2, mkl, 1024, 256, 256, 0.057618, 5, 0.011524
mm, 1, 1, 4, mkl, 1024, 256, 256, 0.034756, 5, 0.006951
mm, 1, 1, 8, mkl, 1024, 256, 256, 0.034014, 5, 0.006803
mm, 1, 1, 1, openmp, 1024, 256, 512, 2.206261, 5, 0.441252
mm, 1, 1, 2, openmp, 1024, 256, 512, 1.227321, 5, 0.245464
mm, 1, 1, 4, openmp, 1024, 256, 512, 0.605084, 5, 0.121017
mm, 1, 1, 8, openmp, 1024, 256, 512, 0.309507, 5, 0.061901
mm, 1, 1, 1, mkl, 1024, 256, 512, 0.212962, 5, 0.042592
mm, 1, 1, 2, mkl, 1024, 256, 512, 0.115673, 5, 0.023135
mm, 1, 1, 4, mkl, 1024, 256, 512, 0.059673, 5, 0.011935
mm, 1, 1, 8, mkl, 1024, 256, 512, 0.044031, 5, 0.008806
mm, 1, 1, 1, openmp, 1024, 256, 1024, 11.023486, 5, 2.204697
mm, 1, 1, 2, openmp, 1024, 256, 1024, 5.673220, 5, 1.134644
mm, 1, 1, 4, openmp, 1024, 256, 1024, 2.497331, 5, 0.499466
mm, 1, 1, 8, openmp, 1024, 256, 1024, 1.102530, 5, 0.220506
mm, 1, 1, 1, mkl, 1024, 256, 1024, 0.418869, 5, 0.083774
mm, 1, 1, 2, mkl, 1024, 256, 1024, 0.221496, 5, 0.044299
mm, 1, 1, 4, mkl, 1024, 256, 1024, 0.113978, 5, 0.022796
mm, 1, 1, 8, mkl, 1024, 256, 1024, 0.049377, 5, 0.009875
mm, 1, 1, 1, openmp, 1024, 256, 2048, 46.099424, 5, 9.219885
mm, 1, 1, 2, openmp, 1024, 256, 2048, 24.627824, 5, 4.925565
mm, 1, 1, 4, openmp, 1024, 256, 2048, 14.261426, 5, 2.852285
mm, 1, 1, 8, openmp, 1024, 256, 2048, 11.768955, 5, 2.353791
mm, 1, 1, 1, mkl, 1024, 256, 2048, 0.832631, 5, 0.166526
mm, 1, 1, 2, mkl, 1024, 256, 2048, 0.421738, 5, 0.084348
mm, 1, 1, 4, mkl, 1024, 256, 2048, 0.220777, 5, 0.044155
mm, 1, 1, 8, mkl, 1024, 256, 2048, 0.081304, 5, 0.016261
mm, 1, 1, 1, openmp, 1024, 512, 256, 2.628598, 5, 0.525720
mm, 1, 1, 2, openmp, 1024, 512, 256, 1.340196, 5, 0.268039
mm, 1, 1, 4, openmp, 1024, 512, 256, 0.677848, 5, 0.135570
mm, 1, 1, 8, openmp, 1024, 512, 256, 0.339431, 5, 0.067886
mm, 1, 1, 1, mkl, 1024, 512, 256, 0.210722, 5, 0.042144
mm, 1, 1, 2, mkl, 1024, 512, 256, 0.113023, 5, 0.022605
mm, 1, 1, 4, mkl, 1024, 512, 256, 0.062630, 5, 0.012526
mm, 1, 1, 8, mkl, 1024, 512, 256, 0.030325, 5, 0.006065
mm, 1, 1, 1, openmp, 1024, 512, 512, 4.731255, 5, 0.946251
mm, 1, 1, 2, openmp, 1024, 512, 512, 2.406674, 5, 0.481335
mm, 1, 1, 4, openmp, 1024, 512, 512, 1.160852, 5, 0.232170
mm, 1, 1, 8, openmp, 1024, 512, 512, 1.406765, 5, 0.281353
mm, 1, 1, 1, mkl, 1024, 512, 512, 0.415260, 5, 0.083052
mm, 1, 1, 2, mkl, 1024, 512, 512, 0.219468, 5, 0.043894
mm, 1, 1, 4, mkl, 1024, 512, 512, 0.117693, 5, 0.023539
mm, 1, 1, 8, mkl, 1024, 512, 512, 0.048921, 5, 0.009784
mm, 1, 1, 1, openmp, 1024, 512, 1024, 23.656330, 5, 4.731266
mm, 1, 1, 2, openmp, 1024, 512, 1024, 11.163432, 5, 2.232686
mm, 1, 1, 4, openmp, 1024, 512, 1024, 5.319170, 5, 1.063834
mm, 1, 1, 8, openmp, 1024, 512, 1024, 2.698556, 5, 0.539711
mm, 1, 1, 1, mkl, 1024, 512, 1024, 0.817231, 5, 0.163446
mm, 1, 1, 2, mkl, 1024, 512, 1024, 0.422957, 5, 0.084591
mm, 1, 1, 4, mkl, 1024, 512, 1024, 0.220402, 5, 0.044080
mm, 1, 1, 8, mkl, 1024, 512, 1024, 0.077224, 5, 0.015445
mm, 1, 1, 1, openmp, 1024, 512, 2048, 94.347556, 5, 18.869511
mm, 1, 1, 2, openmp, 1024, 512, 2048, 50.216022, 5, 10.043204
mm, 1, 1, 4, openmp, 1024, 512, 2048, 26.753281, 5, 5.350656
mm, 1, 1, 8, openmp, 1024, 512, 2048, 20.147916, 5, 4.029583
mm, 1, 1, 1, mkl, 1024, 512, 2048, 1.643145, 5, 0.328629
mm, 1, 1, 2, mkl, 1024, 512, 2048, 0.830384, 5, 0.166077
mm, 1, 1, 4, mkl, 1024, 512, 2048, 0.430661, 5, 0.086132
mm, 1, 1, 8, mkl, 1024, 512, 2048, 0.148705, 5, 0.029741
mm, 1, 1, 1, openmp, 1024, 1024, 256, 5.241270, 5, 1.048254
mm, 1, 1, 2, openmp, 1024, 1024, 256, 2.624974, 5, 0.524995
mm, 1, 1, 4, openmp, 1024, 1024, 256, 1.321416, 5, 0.264283
mm, 1, 1, 8, openmp, 1024, 1024, 256, 1.484753, 5, 0.296951
mm, 1, 1, 1, mkl, 1024, 1024, 256, 0.415367, 5, 0.083073
mm, 1, 1, 2, mkl, 1024, 1024, 256, 0.215132, 5, 0.043026
mm, 1, 1, 4, mkl, 1024, 1024, 256, 0.109390, 5, 0.021878
mm, 1, 1, 8, mkl, 1024, 1024, 256, 0.118391, 5, 0.023678
mm, 1, 1, 1, openmp, 1024, 1024, 512, 9.474622, 5, 1.894924
mm, 1, 1, 2, openmp, 1024, 1024, 512, 4.859819, 5, 0.971964
mm, 1, 1, 4, openmp, 1024, 1024, 512, 2.408188, 5, 0.481638
mm, 1, 1, 8, openmp, 1024, 1024, 512, 2.249526, 5, 0.449905
mm, 1, 1, 1, mkl, 1024, 1024, 512, 0.821501, 5, 0.164300
mm, 1, 1, 2, mkl, 1024, 1024, 512, 0.414388, 5, 0.082878
mm, 1, 1, 4, mkl, 1024, 1024, 512, 0.213772, 5, 0.042754
mm, 1, 1, 8, mkl, 1024, 1024, 512, 0.150563, 5, 0.030113
mm, 1, 1, 1, openmp, 1024, 1024, 1024, 49.784699, 5, 9.956940
mm, 1, 1, 2, openmp, 1024, 1024, 1024, 21.044526, 5, 4.208905
mm, 1, 1, 4, openmp, 1024, 1024, 1024, 10.957681, 5, 2.191536
mm, 1, 1, 8, openmp, 1024, 1024, 1024, 4.713290, 5, 0.942658
mm, 1, 1, 1, mkl, 1024, 1024, 1024, 1.637101, 5, 0.327420
mm, 1, 1, 2, mkl, 1024, 1024, 1024, 0.827363, 5, 0.165473
mm, 1, 1, 4, mkl, 1024, 1024, 1024, 0.428632, 5, 0.085726
mm, 1, 1, 8, mkl, 1024, 1024, 1024, 0.141146, 5, 0.028229
mm, 1, 1, 1, openmp, 1024, 1024, 2048, 187.857259, 5, 37.571452
mm, 1, 1, 2, openmp, 1024, 1024, 2048, 112.493747, 5, 22.498749
mm, 1, 1, 4, openmp, 1024, 1024, 2048, 54.502772, 5, 10.900554
mm, 1, 1, 8, openmp, 1024, 1024, 2048, 33.278859, 5, 6.655772
mm, 1, 1, 1, mkl, 1024, 1024, 2048, 3.262138, 5, 0.652428
mm, 1, 1, 2, mkl, 1024, 1024, 2048, 1.648950, 5, 0.329790
mm, 1, 1, 4, mkl, 1024, 1024, 2048, 0.735927, 5, 0.147185
mm, 1, 1, 8, mkl, 1024, 1024, 2048, 0.964246, 5, 0.192849
mm, 1, 1, 1, openmp, 1024, 2048, 256, 10.418753, 5, 2.083751
mm, 1, 1, 2, openmp, 1024, 2048, 256, 5.308689, 5, 1.061738
mm, 1, 1, 4, openmp, 1024, 2048, 256, 2.639722, 5, 0.527944
mm, 1, 1, 8, openmp, 1024, 2048, 256, 1.035529, 5, 0.207106
mm, 1, 1, 1, mkl, 1024, 2048, 256, 0.820948, 5, 0.164190
mm, 1, 1, 2, mkl, 1024, 2048, 256, 0.416181, 5, 0.083236
mm, 1, 1, 4, mkl, 1024, 2048, 256, 0.216859, 5, 0.043372
mm, 1, 1, 8, mkl, 1024, 2048, 256, 0.139361, 5, 0.027872
mm, 1, 1, 1, openmp, 1024, 2048, 512, 18.930474, 5, 3.786095
mm, 1, 1, 2, openmp, 1024, 2048, 512, 9.685213, 5, 1.937043
mm, 1, 1, 4, openmp, 1024, 2048, 512, 4.850081, 5, 0.970016
mm, 1, 1, 8, openmp, 1024, 2048, 512, 2.681918, 5, 0.536384
mm, 1, 1, 1, mkl, 1024, 2048, 512, 1.637195, 5, 0.327439
mm, 1, 1, 2, mkl, 1024, 2048, 512, 0.841028, 5, 0.168206
mm, 1, 1, 4, mkl, 1024, 2048, 512, 0.416462, 5, 0.083292
mm, 1, 1, 8, mkl, 1024, 2048, 512, 0.298744, 5, 0.059749
mm, 1, 1, 1, openmp, 1024, 2048, 1024, 105.387069, 5, 21.077414
mm, 1, 1, 2, openmp, 1024, 2048, 1024, 42.125300, 5, 8.425060
mm, 1, 1, 4, openmp, 1024, 2048, 1024, 20.881583, 5, 4.176317
mm, 1, 1, 8, openmp, 1024, 2048, 1024, 10.163072, 5, 2.032614
mm, 1, 1, 1, mkl, 1024, 2048, 1024, 3.260835, 5, 0.652167
mm, 1, 1, 2, mkl, 1024, 2048, 1024, 1.677703, 5, 0.335541
mm, 1, 1, 4, mkl, 1024, 2048, 1024, 0.840994, 5, 0.168199
mm, 1, 1, 8, mkl, 1024, 2048, 1024, 0.506385, 5, 0.101277
mm, 1, 1, 1, openmp, 1024, 2048, 2048, 377.581134, 5, 75.516227
mm, 1, 1, 2, openmp, 1024, 2048, 2048, 231.135849, 5, 46.227170
mm, 1, 1, 4, openmp, 1024, 2048, 2048, 104.732663, 5, 20.946533
mm, 1, 1, 8, openmp, 1024, 2048, 2048, 62.373558, 5, 12.474712
mm, 1, 1, 1, mkl, 1024, 2048, 2048, 6.496978, 5, 1.299396
mm, 1, 1, 2, mkl, 1024, 2048, 2048, 3.331583, 5, 0.666317
mm, 1, 1, 4, mkl, 1024, 2048, 2048, 1.654757, 5, 0.330951
mm, 1, 1, 8, mkl, 1024, 2048, 2048, 0.863051, 5, 0.172610
mm, 1, 1, 1, openmp, 2048, 256, 256, 2.385259, 5, 0.477052
mm, 1, 1, 2, openmp, 2048, 256, 256, 1.226039, 5, 0.245208
mm, 1, 1, 4, openmp, 2048, 256, 256, 0.612554, 5, 0.122511
mm, 1, 1, 8, openmp, 2048, 256, 256, 0.308227, 5, 0.061645
mm, 1, 1, 1, mkl, 2048, 256, 256, 0.212658, 5, 0.042532
mm, 1, 1, 2, mkl, 2048, 256, 256, 0.111080, 5, 0.022216
mm, 1, 1, 4, mkl, 2048, 256, 256, 0.063224, 5, 0.012645
mm, 1, 1, 8, mkl, 2048, 256, 256, 0.048268, 5, 0.009654
mm, 1, 1, 1, openmp, 2048, 256, 512, 6.030705, 5, 1.206141
mm, 1, 1, 2, openmp, 2048, 256, 512, 2.939701, 5, 0.587940
mm, 1, 1, 4, openmp, 2048, 256, 512, 1.934628, 5, 0.386926
mm, 1, 1, 8, openmp, 2048, 256, 512, 1.298706, 5, 0.259741
mm, 1, 1, 1, mkl, 2048, 256, 512, 0.418274, 5, 0.083655
mm, 1, 1, 2, mkl, 2048, 256, 512, 0.222740, 5, 0.044548
mm, 1, 1, 4, mkl, 2048, 256, 512, 0.113387, 5, 0.022677
mm, 1, 1, 8, mkl, 2048, 256, 512, 0.139175, 5, 0.027835
mm, 1, 1, 1, openmp, 2048, 256, 1024, 45.037966, 5, 9.007593
mm, 1, 1, 2, openmp, 2048, 256, 1024, 26.311054, 5, 5.262211
mm, 1, 1, 4, openmp, 2048, 256, 1024, 12.638349, 5, 2.527670
mm, 1, 1, 8, openmp, 2048, 256, 1024, 8.560311, 5, 1.712062
mm, 1, 1, 1, mkl, 2048, 256, 1024, 0.829247, 5, 0.165849
mm, 1, 1, 2, mkl, 2048, 256, 1024, 0.431885, 5, 0.086377
mm, 1, 1, 4, mkl, 2048, 256, 1024, 0.217630, 5, 0.043526
mm, 1, 1, 8, mkl, 2048, 256, 1024, 0.086997, 5, 0.017399
mm, 1, 1, 1, openmp, 2048, 256, 2048, 92.725446, 5, 18.545089
mm, 1, 1, 2, openmp, 2048, 256, 2048, 54.778991, 5, 10.955798
mm, 1, 1, 4, openmp, 2048, 256, 2048, 25.786053, 5, 5.157211
mm, 1, 1, 8, openmp, 2048, 256, 2048, 19.000987, 5, 3.800197
mm, 1, 1, 1, mkl, 2048, 256, 2048, 1.653882, 5, 0.330776
mm, 1, 1, 2, mkl, 2048, 256, 2048, 0.836865, 5, 0.167373
mm, 1, 1, 4, mkl, 2048, 256, 2048, 0.430309, 5, 0.086062
mm, 1, 1, 8, mkl, 2048, 256, 2048, 0.253857, 5, 0.050771
mm, 1, 1, 1, openmp, 2048, 512, 256, 4.765912, 5, 0.953182
mm, 1, 1, 2, openmp, 2048, 512, 256, 2.442981, 5, 0.488596
mm, 1, 1, 4, openmp, 2048, 512, 256, 1.223332, 5, 0.244666
mm, 1, 1, 8, openmp, 2048, 512, 256, 0.961968, 5, 0.192394
mm, 1, 1, 1, mkl, 2048, 512, 256, 0.414279, 5, 0.082856
mm, 1, 1, 2, mkl, 2048, 512, 256, 0.212953, 5, 0.042591
mm, 1, 1, 4, mkl, 2048, 512, 256, 0.115639, 5, 0.023128
mm, 1, 1, 8, mkl, 2048, 512, 256, 0.064482, 5, 0.012896
mm, 1, 1, 1, openmp, 2048, 512, 512, 10.867451, 5, 2.173490
mm, 1, 1, 2, openmp, 2048, 512, 512, 5.826221, 5, 1.165244
mm, 1, 1, 4, openmp, 2048, 512, 512, 3.099027, 5, 0.619805
mm, 1, 1, 8, openmp, 2048, 512, 512, 2.112240, 5, 0.422448
mm, 1, 1, 1, mkl, 2048, 512, 512, 0.822861, 5, 0.164572
mm, 1, 1, 2, mkl, 2048, 512, 512, 0.426656, 5, 0.085331
mm, 1, 1, 4, mkl, 2048, 512, 512, 0.216744, 5, 0.043349
mm, 1, 1, 8, mkl, 2048, 512, 512, 0.155558, 5, 0.031112
mm, 1, 1, 1, openmp, 2048, 512, 1024, 92.679110, 5, 18.535822
mm, 1, 1, 2, openmp, 2048, 512, 1024, 50.807337, 5, 10.161467
mm, 1, 1, 4, openmp, 2048, 512, 1024, 26.238365, 5, 5.247673
mm, 1, 1, 8, openmp, 2048, 512, 1024, 17.093402, 5, 3.418680
mm, 1, 1, 1, mkl, 2048, 512, 1024, 1.637105, 5, 0.327421
mm, 1, 1, 2, mkl, 2048, 512, 1024, 0.846857, 5, 0.169371
mm, 1, 1, 4, mkl, 2048, 512, 1024, 0.424462, 5, 0.084892
mm, 1, 1, 8, mkl, 2048, 512, 1024, 0.336450, 5, 0.067290
mm, 1, 1, 1, openmp, 2048, 512, 2048, 189.183812, 5, 37.836762
mm, 1, 1, 2, openmp, 2048, 512, 2048, 123.383392, 5, 24.676678
mm, 1, 1, 4, openmp, 2048, 512, 2048, 51.098981, 5, 10.219796
mm, 1, 1, 8, openmp, 2048, 512, 2048, 38.669414, 5, 7.733883
mm, 1, 1, 1, mkl, 2048, 512, 2048, 3.268759, 5, 0.653752
mm, 1, 1, 2, mkl, 2048, 512, 2048, 1.677032, 5, 0.335406
mm, 1, 1, 4, mkl, 2048, 512, 2048, 0.848138, 5, 0.169628
mm, 1, 1, 8, mkl, 2048, 512, 2048, 0.262772, 5, 0.052554
mm, 1, 1, 1, openmp, 2048, 1024, 256, 9.490389, 5, 1.898078
mm, 1, 1, 2, openmp, 2048, 1024, 256, 4.892884, 5, 0.978577
mm, 1, 1, 4, openmp, 2048, 1024, 256, 2.471015, 5, 0.494203
mm, 1, 1, 8, openmp, 2048, 1024, 256, 2.101894, 5, 0.420379
mm, 1, 1, 1, mkl, 2048, 1024, 256, 0.819029, 5, 0.163806
mm, 1, 1, 2, mkl, 2048, 1024, 256, 0.414913, 5, 0.082983
mm, 1, 1, 4, mkl, 2048, 1024, 256, 0.219816, 5, 0.043963
mm, 1, 1, 8, mkl, 2048, 1024, 256, 0.073641, 5, 0.014728
mm, 1, 1, 1, openmp, 2048, 1024, 512, 31.664549, 5, 6.332910
mm, 1, 1, 2, openmp, 2048, 1024, 512, 14.138213, 5, 2.827643
mm, 1, 1, 4, openmp, 2048, 1024, 512, 6.283774, 5, 1.256755
mm, 1, 1, 8, openmp, 2048, 1024, 512, 5.001464, 5, 1.000293
mm, 1, 1, 1, mkl, 2048, 1024, 512, 1.627890, 5, 0.325578
mm, 1, 1, 2, mkl, 2048, 1024, 512, 0.826082, 5, 0.165216
mm, 1, 1, 4, mkl, 2048, 1024, 512, 0.430153, 5, 0.086031
mm, 1, 1, 8, mkl, 2048, 1024, 512, 0.397984, 5, 0.079597
mm, 1, 1, 1, openmp, 2048, 1024, 1024, 180.701810, 5, 36.140362
mm, 1, 1, 2, openmp, 2048, 1024, 1024, 104.285723, 5, 20.857145
mm, 1, 1, 4, openmp, 2048, 1024, 1024, 52.598957, 5, 10.519791
mm, 1, 1, 8, openmp, 2048, 1024, 1024, 35.497843, 5, 7.099569
mm, 1, 1, 1, mkl, 2048, 1024, 1024, 3.254567, 5, 0.650913
mm, 1, 1, 2, mkl, 2048, 1024, 1024, 1.664557, 5, 0.332911
mm, 1, 1, 4, mkl, 2048, 1024, 1024, 0.831227, 5, 0.166245
mm, 1, 1, 8, mkl, 2048, 1024, 1024, 0.447383, 5, 0.089477
mm, 1, 1, 1, openmp, 2048, 1024, 2048, 374.226732, 5, 74.845346
mm, 1, 1, 2, openmp, 2048, 1024, 2048, 232.959081, 5, 46.591816
mm, 1, 1, 4, openmp, 2048, 1024, 2048, 109.597064, 5, 21.919413
mm, 1, 1, 8, openmp, 2048, 1024, 2048, 76.623873, 5, 15.324775
mm, 1, 1, 1, mkl, 2048, 1024, 2048, 6.492910, 5, 1.298582
mm, 1, 1, 2, mkl, 2048, 1024, 2048, 3.339585, 5, 0.667917
mm, 1, 1, 4, mkl, 2048, 1024, 2048, 1.683734, 5, 0.336747
mm, 1, 1, 8, mkl, 2048, 1024, 2048, 1.360993, 5, 0.272199
mm, 1, 1, 1, openmp, 2048, 2048, 256, 19.069679, 5, 3.813936
mm, 1, 1, 2, openmp, 2048, 2048, 256, 9.739827, 5, 1.947965
mm, 1, 1, 4, openmp, 2048, 2048, 256, 4.875930, 5, 0.975186
mm, 1, 1, 8, openmp, 2048, 2048, 256, 3.147469, 5, 0.629494
mm, 1, 1, 1, mkl, 2048, 2048, 256, 1.626126, 5, 0.325225
mm, 1, 1, 2, mkl, 2048, 2048, 256, 0.840321, 5, 0.168064
mm, 1, 1, 4, mkl, 2048, 2048, 256, 0.418745, 5, 0.083749
mm, 1, 1, 8, mkl, 2048, 2048, 256, 0.317917, 5, 0.063583
mm, 1, 1, 1, openmp, 2048, 2048, 512, 97.357517, 5, 19.471503
mm, 1, 1, 2, openmp, 2048, 2048, 512, 22.967871, 5, 4.593574
mm, 1, 1, 4, openmp, 2048, 2048, 512, 12.802050, 5, 2.560410
mm, 1, 1, 8, openmp, 2048, 2048, 512, 7.354005, 5, 1.470801
mm, 1, 1, 1, mkl, 2048, 2048, 512, 3.247031, 5, 0.649406
mm, 1, 1, 2, mkl, 2048, 2048, 512, 1.646363, 5, 0.329273
mm, 1, 1, 4, mkl, 2048, 2048, 512, 0.824650, 5, 0.164930
mm, 1, 1, 8, mkl, 2048, 2048, 512, 0.767512, 5, 0.153502
mm, 1, 1, 1, openmp, 2048, 2048, 1024, 377.954148, 5, 75.590830
mm, 1, 1, 2, openmp, 2048, 2048, 1024, 281.823173, 5, 56.364635
mm, 1, 1, 4, openmp, 2048, 2048, 1024, 102.781949, 5, 20.556390
mm, 1, 1, 8, openmp, 2048, 2048, 1024, 67.188371, 5, 13.437674
mm, 1, 1, 1, mkl, 2048, 2048, 1024, 6.478216, 5, 1.295643
mm, 1, 1, 2, mkl, 2048, 2048, 1024, 3.316603, 5, 0.663321
mm, 1, 1, 4, mkl, 2048, 2048, 1024, 1.665865, 5, 0.333173
mm, 1, 1, 8, mkl, 2048, 2048, 1024, 0.479439, 5, 0.095888
mm, 1, 1, 1, openmp, 2048, 2048, 2048, 749.246072, 5, 149.849214
mm, 1, 1, 2, openmp, 2048, 2048, 2048, 505.448669, 5, 101.089734
mm, 1, 1, 4, openmp, 2048, 2048, 2048, 208.645621, 5, 41.729124
mm, 1, 1, 8, openmp, 2048, 2048, 2048, 158.688667, 5, 31.737733
mm, 1, 1, 1, mkl, 2048, 2048, 2048, 12.961257, 5, 2.592251
mm, 1, 1, 2, mkl, 2048, 2048, 2048, 6.589701, 5, 1.317940
mm, 1, 1, 4, mkl, 2048, 2048, 2048, 3.333723, 5, 0.666745
mm, 1, 1, 8, mkl, 2048, 2048, 2048, 0.964827, 5, 0.192965
