summa, 1, 1, 1, naive, 256, 256, 256, 1, 1, 8, 0.111225, 5, 0.022245
summa, 1, 1, 1, naive, 256, 256, 256, 1, 1, 16, 0.101908, 5, 0.020382
summa, 1, 1, 1, naive, 256, 256, 256, 1, 1, 32, 0.113560, 5, 0.022712
summa, 1, 2, 1, naive, 256, 256, 256, 2, 1, 8, 0.061010, 5, 0.012202
summa, 1, 2, 1, naive, 256, 256, 256, 2, 1, 16, 0.075623, 5, 0.015125
summa, 1, 2, 1, naive, 256, 256, 256, 2, 1, 32, 0.097310, 5, 0.019462
summa, 1, 4, 1, naive, 256, 256, 256, 4, 1, 8, 0.059445, 5, 0.011889
summa, 1, 4, 1, naive, 256, 256, 256, 4, 1, 16, 0.031511, 5, 0.006302
summa, 1, 4, 1, naive, 256, 256, 256, 4, 1, 32, 0.029265, 5, 0.005853
summa, 1, 8, 1, naive, 256, 256, 256, 8, 1, 8, 0.033317, 5, 0.006663
summa, 1, 8, 1, naive, 256, 256, 256, 8, 1, 16, 0.030916, 5, 0.006183
summa, 1, 8, 1, naive, 256, 256, 256, 8, 1, 32, 0.030003, 5, 0.006001
summa, 1, 1, 1, naive, 256, 256, 512, 1, 1, 8, 0.222303, 5, 0.044461
summa, 1, 1, 1, naive, 256, 256, 512, 1, 1, 16, 0.202663, 5, 0.040533
summa, 1, 1, 1, naive, 256, 256, 512, 1, 1, 32, 0.226377, 5, 0.045275
summa, 1, 2, 1, naive, 256, 256, 512, 2, 1, 8, 0.115499, 5, 0.023100
summa, 1, 2, 1, naive, 256, 256, 512, 2, 1, 16, 0.202957, 5, 0.040591
summa, 1, 2, 1, naive, 256, 256, 512, 2, 1, 32, 0.100148, 5, 0.020030
summa, 1, 4, 1, naive, 256, 256, 512, 4, 1, 8, 0.312664, 5, 0.062533
summa, 1, 4, 1, naive, 256, 256, 512, 4, 1, 16, 0.083558, 5, 0.016712
summa, 1, 4, 1, naive, 256, 256, 512, 4, 1, 32, 0.055636, 5, 0.011127
summa, 1, 8, 1, naive, 256, 256, 512, 8, 1, 8, 0.067905, 5, 0.013581
summa, 1, 8, 1, naive, 256, 256, 512, 8, 1, 16, 0.457392, 5, 0.091478
summa, 1, 8, 1, naive, 256, 256, 512, 8, 1, 32, 0.059626, 5, 0.011925
summa, 1, 1, 1, naive, 256, 256, 1024, 1, 1, 8, 0.445285, 5, 0.089057
summa, 1, 1, 1, naive, 256, 256, 1024, 1, 1, 16, 0.405713, 5, 0.081143
summa, 1, 1, 1, naive, 256, 256, 1024, 1, 1, 32, 0.453490, 5, 0.090698
summa, 1, 2, 1, naive, 256, 256, 1024, 2, 1, 8, 0.251716, 5, 0.050343
summa, 1, 2, 1, naive, 256, 256, 1024, 2, 1, 16, 0.377724, 5, 0.075545
summa, 1, 2, 1, naive, 256, 256, 1024, 2, 1, 32, 0.241019, 5, 0.048204
summa, 1, 4, 1, naive, 256, 256, 1024, 4, 1, 8, 0.214438, 5, 0.042888
summa, 1, 4, 1, naive, 256, 256, 1024, 4, 1, 16, 0.216196, 5, 0.043239
summa, 1, 4, 1, naive, 256, 256, 1024, 4, 1, 32, 0.202649, 5, 0.040530
summa, 1, 8, 1, naive, 256, 256, 1024, 8, 1, 8, 0.205667, 5, 0.041133
summa, 1, 8, 1, naive, 256, 256, 1024, 8, 1, 16, 0.150316, 5, 0.030063
summa, 1, 8, 1, naive, 256, 256, 1024, 8, 1, 32, 0.163889, 5, 0.032778
summa, 1, 1, 1, naive, 256, 256, 2048, 1, 1, 8, 0.893260, 5, 0.178652
summa, 1, 1, 1, naive, 256, 256, 2048, 1, 1, 16, 0.814427, 5, 0.162885
summa, 1, 1, 1, naive, 256, 256, 2048, 1, 1, 32, 0.906483, 5, 0.181297
summa, 1, 2, 1, naive, 256, 256, 2048, 2, 1, 8, 0.470450, 5, 0.094090
summa, 1, 2, 1, naive, 256, 256, 2048, 2, 1, 16, 0.431058, 5, 0.086212
summa, 1, 2, 1, naive, 256, 256, 2048, 2, 1, 32, 0.747626, 5, 0.149525
summa, 1, 4, 1, naive, 256, 256, 2048, 4, 1, 8, 0.717574, 5, 0.143515
summa, 1, 4, 1, naive, 256, 256, 2048, 4, 1, 16, 0.423775, 5, 0.084755
summa, 1, 4, 1, naive, 256, 256, 2048, 4, 1, 32, 0.286454, 5, 0.057291
summa, 1, 8, 1, naive, 256, 256, 2048, 8, 1, 8, 1.031115, 5, 0.206223
summa, 1, 8, 1, naive, 256, 256, 2048, 8, 1, 16, 0.320663, 5, 0.064133
summa, 1, 8, 1, naive, 256, 256, 2048, 8, 1, 32, 0.346412, 5, 0.069282
summa, 1, 1, 1, naive, 256, 512, 256, 1, 1, 8, 0.222138, 5, 0.044428
summa, 1, 1, 1, naive, 256, 512, 256, 1, 1, 16, 0.202542, 5, 0.040508
summa, 1, 1, 1, naive, 256, 512, 256, 1, 1, 32, 0.225886, 5, 0.045177
summa, 1, 2, 1, naive, 256, 512, 256, 2, 1, 8, 0.119792, 5, 0.023958
summa, 1, 2, 1, naive, 256, 512, 256, 2, 1, 16, 0.108040, 5, 0.021608
summa, 1, 2, 1, naive, 256, 512, 256, 2, 1, 32, 0.104071, 5, 0.020814
summa, 1, 4, 1, naive, 256, 512, 256, 4, 1, 8, 0.068269, 5, 0.013654
summa, 1, 4, 1, naive, 256, 512, 256, 4, 1, 16, 0.061548, 5, 0.012310
summa, 1, 4, 1, naive, 256, 512, 256, 4, 1, 32, 0.141855, 5, 0.028371
summa, 1, 8, 1, naive, 256, 512, 256, 8, 1, 8, 0.076327, 5, 0.015265
summa, 1, 8, 1, naive, 256, 512, 256, 8, 1, 16, 0.060858, 5, 0.012172
summa, 1, 8, 1, naive, 256, 512, 256, 8, 1, 32, 0.060257, 5, 0.012051
summa, 1, 1, 1, naive, 256, 512, 512, 1, 1, 8, 0.445538, 5, 0.089108
summa, 1, 1, 1, naive, 256, 512, 512, 1, 1, 16, 0.405272, 5, 0.081054
summa, 1, 1, 1, naive, 256, 512, 512, 1, 1, 32, 0.451200, 5, 0.090240
summa, 1, 2, 1, naive, 256, 512, 512, 2, 1, 8, 0.303395, 5, 0.060679
summa, 1, 2, 1, naive, 256, 512, 512, 2, 1, 16, 0.215035, 5, 0.043007
summa, 1, 2, 1, naive, 256, 512, 512, 2, 1, 32, 0.359199, 5, 0.071840
summa, 1, 4, 1, naive, 256, 512, 512, 4, 1, 8, 0.186458, 5, 0.037292
summa, 1, 4, 1, naive, 256, 512, 512, 4, 1, 16, 0.165878, 5, 0.033176
summa, 1, 4, 1, naive, 256, 512, 512, 4, 1, 32, 0.202948, 5, 0.040590
summa, 1, 8, 1, naive, 256, 512, 512, 8, 1, 8, 0.167955, 5, 0.033591
summa, 1, 8, 1, naive, 256, 512, 512, 8, 1, 16, 0.126870, 5, 0.025374
summa, 1, 8, 1, naive, 256, 512, 512, 8, 1, 32, 0.330986, 5, 0.066197
summa, 1, 1, 1, naive, 256, 512, 1024, 1, 1, 8, 0.889914, 5, 0.177983
summa, 1, 1, 1, naive, 256, 512, 1024, 1, 1, 16, 0.812311, 5, 0.162462
summa, 1, 1, 1, naive, 256, 512, 1024, 1, 1, 32, 0.903105, 5, 0.180621
summa, 1, 2, 1, naive, 256, 512, 1024, 2, 1, 8, 0.467496, 5, 0.093499
summa, 1, 2, 1, naive, 256, 512, 1024, 2, 1, 16, 0.777208, 5, 0.155442
summa, 1, 2, 1, naive, 256, 512, 1024, 2, 1, 32, 0.619681, 5, 0.123936
summa, 1, 4, 1, naive, 256, 512, 1024, 4, 1, 8, 0.251797, 5, 0.050359
summa, 1, 4, 1, naive, 256, 512, 1024, 4, 1, 16, 0.258409, 5, 0.051682
summa, 1, 4, 1, naive, 256, 512, 1024, 4, 1, 32, 0.330223, 5, 0.066045
summa, 1, 8, 1, naive, 256, 512, 1024, 8, 1, 8, 0.406052, 5, 0.081210
summa, 1, 8, 1, naive, 256, 512, 1024, 8, 1, 16, 0.265622, 5, 0.053124
summa, 1, 8, 1, naive, 256, 512, 1024, 8, 1, 32, 0.251288, 5, 0.050258
summa, 1, 1, 1, naive, 256, 512, 2048, 1, 1, 8, 1.787734, 5, 0.357547
summa, 1, 1, 1, naive, 256, 512, 2048, 1, 1, 16, 1.628014, 5, 0.325603
summa, 1, 1, 1, naive, 256, 512, 2048, 1, 1, 32, 1.809451, 5, 0.361890
summa, 1, 2, 1, naive, 256, 512, 2048, 2, 1, 8, 0.936843, 5, 0.187369
summa, 1, 2, 1, naive, 256, 512, 2048, 2, 1, 16, 1.471876, 5, 0.294375
summa, 1, 2, 1, naive, 256, 512, 2048, 2, 1, 32, 0.823373, 5, 0.164675
summa, 1, 4, 1, naive, 256, 512, 2048, 4, 1, 8, 0.887612, 5, 0.177522
summa, 1, 4, 1, naive, 256, 512, 2048, 4, 1, 16, 0.843090, 5, 0.168618
summa, 1, 4, 1, naive, 256, 512, 2048, 4, 1, 32, 0.806879, 5, 0.161376
summa, 1, 8, 1, naive, 256, 512, 2048, 8, 1, 8, 0.859508, 5, 0.171902
summa, 1, 8, 1, naive, 256, 512, 2048, 8, 1, 16, 0.318059, 5, 0.063612
summa, 1, 8, 1, naive, 256, 512, 2048, 8, 1, 32, 1.890572, 5, 0.378114
summa, 1, 1, 1, naive, 256, 1024, 256, 1, 1, 8, 0.444437, 5, 0.088887
summa, 1, 1, 1, naive, 256, 1024, 256, 1, 1, 16, 0.405426, 5, 0.081085
summa, 1, 1, 1, naive, 256, 1024, 256, 1, 1, 32, 0.452187, 5, 0.090437
summa, 1, 2, 1, naive, 256, 1024, 256, 2, 1, 8, 0.230014, 5, 0.046003
summa, 1, 2, 1, naive, 256, 1024, 256, 2, 1, 16, 0.404656, 5, 0.080931
summa, 1, 2, 1, naive, 256, 1024, 256, 2, 1, 32, 0.200100, 5, 0.040020
summa, 1, 4, 1, naive, 256, 1024, 256, 4, 1, 8, 0.184586, 5, 0.036917
summa, 1, 4, 1, naive, 256, 1024, 256, 4, 1, 16, 0.212352, 5, 0.042470
summa, 1, 4, 1, naive, 256, 1024, 256, 4, 1, 32, 0.204104, 5, 0.040821
summa, 1, 8, 1, naive, 256, 1024, 256, 8, 1, 8, 0.139730, 5, 0.027946
summa, 1, 8, 1, naive, 256, 1024, 256, 8, 1, 16, 0.296652, 5, 0.059330
summa, 1, 8, 1, naive, 256, 1024, 256, 8, 1, 32, 0.145291, 5, 0.029058
summa, 1, 1, 1, naive, 256, 1024, 512, 1, 1, 8, 0.891084, 5, 0.178217
summa, 1, 1, 1, naive, 256, 1024, 512, 1, 1, 16, 0.812392, 5, 0.162478
summa, 1, 1, 1, naive, 256, 1024, 512, 1, 1, 32, 0.903411, 5, 0.180682
summa, 1, 2, 1, naive, 256, 1024, 512, 2, 1, 8, 0.469370, 5, 0.093874
summa, 1, 2, 1, naive, 256, 1024, 512, 2, 1, 16, 0.811016, 5, 0.162203
summa, 1, 2, 1, naive, 256, 1024, 512, 2, 1, 32, 0.778537, 5, 0.155707
summa, 1, 4, 1, naive, 256, 1024, 512, 4, 1, 8, 0.416341, 5, 0.083268
summa, 1, 4, 1, naive, 256, 1024, 512, 4, 1, 16, 0.423451, 5, 0.084690
summa, 1, 4, 1, naive, 256, 1024, 512, 4, 1, 32, 0.357167, 5, 0.071433
summa, 1, 8, 1, naive, 256, 1024, 512, 8, 1, 8, 0.279484, 5, 0.055897
summa, 1, 8, 1, naive, 256, 1024, 512, 8, 1, 16, 0.265835, 5, 0.053167
summa, 1, 8, 1, naive, 256, 1024, 512, 8, 1, 32, 0.311324, 5, 0.062265
summa, 1, 1, 1, naive, 256, 1024, 1024, 1, 1, 8, 1.791244, 5, 0.358249
summa, 1, 1, 1, naive, 256, 1024, 1024, 1, 1, 16, 1.629255, 5, 0.325851
summa, 1, 1, 1, naive, 256, 1024, 1024, 1, 1, 32, 1.812876, 5, 0.362575
summa, 1, 2, 1, naive, 256, 1024, 1024, 2, 1, 8, 1.745409, 5, 0.349082
summa, 1, 2, 1, naive, 256, 1024, 1024, 2, 1, 16, 0.853226, 5, 0.170645
summa, 1, 2, 1, naive, 256, 1024, 1024, 2, 1, 32, 1.564732, 5, 0.312946
summa, 1, 4, 1, naive, 256, 1024, 1024, 4, 1, 8, 0.920372, 5, 0.184074
summa, 1, 4, 1, naive, 256, 1024, 1024, 4, 1, 16, 0.844985, 5, 0.168997
summa, 1, 4, 1, naive, 256, 1024, 1024, 4, 1, 32, 0.437517, 5, 0.087503
summa, 1, 8, 1, naive, 256, 1024, 1024, 8, 1, 8, 0.536591, 5, 0.107318
summa, 1, 8, 1, naive, 256, 1024, 1024, 8, 1, 16, 0.541429, 5, 0.108286
summa, 1, 8, 1, naive, 256, 1024, 1024, 8, 1, 32, 0.785112, 5, 0.157022
summa, 1, 1, 1, naive, 256, 1024, 2048, 1, 1, 8, 3.575225, 5, 0.715045
summa, 1, 1, 1, naive, 256, 1024, 2048, 1, 1, 16, 3.254733, 5, 0.650947
summa, 1, 1, 1, naive, 256, 1024, 2048, 1, 1, 32, 3.623680, 5, 0.724736
summa, 1, 2, 1, naive, 256, 1024, 2048, 2, 1, 8, 1.889771, 5, 0.377954
summa, 1, 2, 1, naive, 256, 1024, 2048, 2, 1, 16, 3.083259, 5, 0.616652
summa, 1, 2, 1, naive, 256, 1024, 2048, 2, 1, 32, 2.214367, 5, 0.442873
summa, 1, 4, 1, naive, 256, 1024, 2048, 4, 1, 8, 1.842504, 5, 0.368501
summa, 1, 4, 1, naive, 256, 1024, 2048, 4, 1, 16, 1.652749, 5, 0.330550
summa, 1, 4, 1, naive, 256, 1024, 2048, 4, 1, 32, 0.877566, 5, 0.175513
summa, 1, 8, 1, naive, 256, 1024, 2048, 8, 1, 8, 1.027419, 5, 0.205484
summa, 1, 8, 1, naive, 256, 1024, 2048, 8, 1, 16, 2.075970, 5, 0.415194
summa, 1, 8, 1, naive, 256, 1024, 2048, 8, 1, 32, 0.909508, 5, 0.181902
summa, 1, 1, 1, naive, 256, 2048, 256, 1, 1, 8, 0.894628, 5, 0.178926
summa, 1, 1, 1, naive, 256, 2048, 256, 1, 1, 16, 0.815143, 5, 0.163029
summa, 1, 1, 1, naive, 256, 2048, 256, 1, 1, 32, 0.907912, 5, 0.181582
summa, 1, 2, 1, naive, 256, 2048, 256, 2, 1, 8, 0.465088, 5, 0.093018
summa, 1, 2, 1, naive, 256, 2048, 256, 2, 1, 16, 0.422824, 5, 0.084565
summa, 1, 2, 1, naive, 256, 2048, 256, 2, 1, 32, 0.408108, 5, 0.081622
summa, 1, 4, 1, naive, 256, 2048, 256, 4, 1, 8, 0.390567, 5, 0.078113
summa, 1, 4, 1, naive, 256, 2048, 256, 4, 1, 16, 0.421260, 5, 0.084252
summa, 1, 4, 1, naive, 256, 2048, 256, 4, 1, 32, 0.393518, 5, 0.078704
summa, 1, 8, 1, naive, 256, 2048, 256, 8, 1, 8, 0.296750, 5, 0.059350
summa, 1, 8, 1, naive, 256, 2048, 256, 8, 1, 16, 0.157005, 5, 0.031401
summa, 1, 8, 1, naive, 256, 2048, 256, 8, 1, 32, 0.231633, 5, 0.046327
summa, 1, 1, 1, naive, 256, 2048, 512, 1, 1, 8, 1.792845, 5, 0.358569
summa, 1, 1, 1, naive, 256, 2048, 512, 1, 1, 16, 1.630896, 5, 0.326179
summa, 1, 1, 1, naive, 256, 2048, 512, 1, 1, 32, 1.815521, 5, 0.363104
summa, 1, 2, 1, naive, 256, 2048, 512, 2, 1, 8, 1.751099, 5, 0.350220
summa, 1, 2, 1, naive, 256, 2048, 512, 2, 1, 16, 1.355702, 5, 0.271140
summa, 1, 2, 1, naive, 256, 2048, 512, 2, 1, 32, 1.408073, 5, 0.281615
summa, 1, 4, 1, naive, 256, 2048, 512, 4, 1, 8, 0.874609, 5, 0.174922
summa, 1, 4, 1, naive, 256, 2048, 512, 4, 1, 16, 0.608317, 5, 0.121663
summa, 1, 4, 1, naive, 256, 2048, 512, 4, 1, 32, 0.427062, 5, 0.085412
summa, 1, 8, 1, naive, 256, 2048, 512, 8, 1, 8, 1.019596, 5, 0.203919
summa, 1, 8, 1, naive, 256, 2048, 512, 8, 1, 16, 0.556802, 5, 0.111360
summa, 1, 8, 1, naive, 256, 2048, 512, 8, 1, 32, 0.305874, 5, 0.061175
summa, 1, 1, 1, naive, 256, 2048, 1024, 1, 1, 8, 5.396119, 5, 1.079224
summa, 1, 1, 1, naive, 256, 2048, 1024, 1, 1, 16, 3.255122, 5, 0.651024
summa, 1, 1, 1, naive, 256, 2048, 1024, 1, 1, 32, 3.624239, 5, 0.724848
summa, 1, 2, 1, naive, 256, 2048, 1024, 2, 1, 8, 1.913232, 5, 0.382646
summa, 1, 2, 1, naive, 256, 2048, 1024, 2, 1, 16, 2.137812, 5, 0.427562
summa, 1, 2, 1, naive, 256, 2048, 1024, 2, 1, 32, 2.994387, 5, 0.598877
summa, 1, 4, 1, naive, 256, 2048, 1024, 4, 1, 8, 1.832120, 5, 0.366424
summa, 1, 4, 1, naive, 256, 2048, 1024, 4, 1, 16, 0.924541, 5, 0.184908
summa, 1, 4, 1, naive, 256, 2048, 1024, 4, 1, 32, 0.850260, 5, 0.170052
summa, 1, 8, 1, naive, 256, 2048, 1024, 8, 1, 8, 1.048220, 5, 0.209644
summa, 1, 8, 1, naive, 256, 2048, 1024, 8, 1, 16, 1.280747, 5, 0.256149
summa, 1, 8, 1, naive, 256, 2048, 1024, 8, 1, 32, 0.868523, 5, 0.173705
summa, 1, 1, 1, naive, 256, 2048, 2048, 1, 1, 8, 7.150662, 5, 1.430132
summa, 1, 1, 1, naive, 256, 2048, 2048, 1, 1, 16, 6.507633, 5, 1.301527
summa, 1, 1, 1, naive, 256, 2048, 2048, 1, 1, 32, 7.245569, 5, 1.449114
summa, 1, 2, 1, naive, 256, 2048, 2048, 2, 1, 8, 3.997450, 5, 0.799490
summa, 1, 2, 1, naive, 256, 2048, 2048, 2, 1, 16, 3.407570, 5, 0.681514
summa, 1, 2, 1, naive, 256, 2048, 2048, 2, 1, 32, 4.917924, 5, 0.983585
summa, 1, 4, 1, naive, 256, 2048, 2048, 4, 1, 8, 2.027281, 5, 0.405456
summa, 1, 4, 1, naive, 256, 2048, 2048, 4, 1, 16, 3.324809, 5, 0.664962
summa, 1, 4, 1, naive, 256, 2048, 2048, 4, 1, 32, 1.703045, 5, 0.340609
summa, 1, 8, 1, naive, 256, 2048, 2048, 8, 1, 8, 3.211615, 5, 0.642323
summa, 1, 8, 1, naive, 256, 2048, 2048, 8, 1, 16, 1.864564, 5, 0.372913
summa, 1, 8, 1, naive, 256, 2048, 2048, 8, 1, 32, 1.737209, 5, 0.347442
summa, 1, 1, 1, naive, 512, 256, 256, 1, 1, 8, 0.224129, 5, 0.044826
summa, 1, 1, 1, naive, 512, 256, 256, 1, 1, 16, 0.217740, 5, 0.043548
summa, 1, 1, 1, naive, 512, 256, 256, 1, 1, 32, 0.254605, 5, 0.050921
summa, 1, 2, 1, naive, 512, 256, 256, 2, 1, 8, 0.114212, 5, 0.022842
summa, 1, 2, 1, naive, 512, 256, 256, 2, 1, 16, 0.103790, 5, 0.020758
summa, 1, 2, 1, naive, 512, 256, 256, 2, 1, 32, 0.222483, 5, 0.044497
summa, 1, 4, 1, naive, 512, 256, 256, 4, 1, 8, 0.064734, 5, 0.012947
summa, 1, 4, 1, naive, 512, 256, 256, 4, 1, 16, 0.103519, 5, 0.020704
summa, 1, 4, 1, naive, 512, 256, 256, 4, 1, 32, 0.052662, 5, 0.010532
summa, 1, 8, 1, naive, 512, 256, 256, 8, 1, 8, 0.061905, 5, 0.012381
summa, 1, 8, 1, naive, 512, 256, 256, 8, 1, 16, 0.061519, 5, 0.012304
summa, 1, 8, 1, naive, 512, 256, 256, 8, 1, 32, 0.132541, 5, 0.026508
summa, 1, 1, 1, naive, 512, 256, 512, 1, 1, 8, 0.466553, 5, 0.093311
summa, 1, 1, 1, naive, 512, 256, 512, 1, 1, 16, 0.453378, 5, 0.090676
summa, 1, 1, 1, naive, 512, 256, 512, 1, 1, 32, 0.504603, 5, 0.100921
summa, 1, 2, 1, naive, 512, 256, 512, 2, 1, 8, 0.235160, 5, 0.047032
summa, 1, 2, 1, naive, 512, 256, 512, 2, 1, 16, 0.423291, 5, 0.084658
summa, 1, 2, 1, naive, 512, 256, 512, 2, 1, 32, 0.240367, 5, 0.048073
summa, 1, 4, 1, naive, 512, 256, 512, 4, 1, 8, 0.181670, 5, 0.036334
summa, 1, 4, 1, naive, 512, 256, 512, 4, 1, 16, 0.204218, 5, 0.040844
summa, 1, 4, 1, naive, 512, 256, 512, 4, 1, 32, 0.107690, 5, 0.021538
summa, 1, 8, 1, naive, 512, 256, 512, 8, 1, 8, 0.119562, 5, 0.023912
summa, 1, 8, 1, naive, 512, 256, 512, 8, 1, 16, 0.302227, 5, 0.060445
summa, 1, 8, 1, naive, 512, 256, 512, 8, 1, 32, 0.495040, 5, 0.099008
summa, 1, 1, 1, naive, 512, 256, 1024, 1, 1, 8, 0.894332, 5, 0.178866
summa, 1, 1, 1, naive, 512, 256, 1024, 1, 1, 16, 0.873189, 5, 0.174638
summa, 1, 1, 1, naive, 512, 256, 1024, 1, 1, 32, 1.015521, 5, 0.203104
summa, 1, 2, 1, naive, 512, 256, 1024, 2, 1, 8, 0.836637, 5, 0.167327
summa, 1, 2, 1, naive, 512, 256, 1024, 2, 1, 16, 0.740640, 5, 0.148128
summa, 1, 2, 1, naive, 512, 256, 1024, 2, 1, 32, 0.838709, 5, 0.167742
summa, 1, 4, 1, naive, 512, 256, 1024, 4, 1, 8, 0.453723, 5, 0.090745
summa, 1, 4, 1, naive, 512, 256, 1024, 4, 1, 16, 0.408227, 5, 0.081645
summa, 1, 4, 1, naive, 512, 256, 1024, 4, 1, 32, 0.206305, 5, 0.041261
summa, 1, 8, 1, naive, 512, 256, 1024, 8, 1, 8, 0.249061, 5, 0.049812
summa, 1, 8, 1, naive, 512, 256, 1024, 8, 1, 16, 0.236879, 5, 0.047376
summa, 1, 8, 1, naive, 512, 256, 1024, 8, 1, 32, 0.289777, 5, 0.057955
summa, 1, 1, 1, naive, 512, 256, 2048, 1, 1, 8, 1.783360, 5, 0.356672
summa, 1, 1, 1, naive, 512, 256, 2048, 1, 1, 16, 1.744019, 5, 0.348804
summa, 1, 1, 1, naive, 512, 256, 2048, 1, 1, 32, 2.023227, 5, 0.404645
summa, 1, 2, 1, naive, 512, 256, 2048, 2, 1, 8, 0.910027, 5, 0.182005
summa, 1, 2, 1, naive, 512, 256, 2048, 2, 1, 16, 1.245746, 5, 0.249149
summa, 1, 2, 1, naive, 512, 256, 2048, 2, 1, 32, 0.918337, 5, 0.183667
summa, 1, 4, 1, naive, 512, 256, 2048, 4, 1, 8, 0.894415, 5, 0.178883
summa, 1, 4, 1, naive, 512, 256, 2048, 4, 1, 16, 0.778844, 5, 0.155769
summa, 1, 4, 1, naive, 512, 256, 2048, 4, 1, 32, 0.412858, 5, 0.082572
summa, 1, 8, 1, naive, 512, 256, 2048, 8, 1, 8, 0.509646, 5, 0.101929
summa, 1, 8, 1, naive, 512, 256, 2048, 8, 1, 16, 0.462676, 5, 0.092535
summa, 1, 8, 1, naive, 512, 256, 2048, 8, 1, 32, 0.431695, 5, 0.086339
summa, 1, 1, 1, naive, 512, 512, 256, 1, 1, 8, 0.444336, 5, 0.088867
summa, 1, 1, 1, naive, 512, 512, 256, 1, 1, 16, 0.433357, 5, 0.086671
summa, 1, 1, 1, naive, 512, 512, 256, 1, 1, 32, 0.506272, 5, 0.101254
summa, 1, 2, 1, naive, 512, 512, 256, 2, 1, 8, 0.225131, 5, 0.045026
summa, 1, 2, 1, naive, 512, 512, 256, 2, 1, 16, 0.245394, 5, 0.049079
summa, 1, 2, 1, naive, 512, 512, 256, 2, 1, 32, 0.289442, 5, 0.057888
summa, 1, 4, 1, naive, 512, 512, 256, 4, 1, 8, 0.928971, 5, 0.185794
summa, 1, 4, 1, naive, 512, 512, 256, 4, 1, 16, 0.846899, 5, 0.169380
summa, 1, 4, 1, naive, 512, 512, 256, 4, 1, 32, 0.164358, 5, 0.032872
summa, 1, 8, 1, naive, 512, 512, 256, 8, 1, 8, 0.175100, 5, 0.035020
summa, 1, 8, 1, naive, 512, 512, 256, 8, 1, 16, 0.157743, 5, 0.031549
summa, 1, 8, 1, naive, 512, 512, 256, 8, 1, 32, 0.142560, 5, 0.028512
summa, 1, 1, 1, naive, 512, 512, 512, 1, 1, 8, 0.889503, 5, 0.177901
summa, 1, 1, 1, naive, 512, 512, 512, 1, 1, 16, 0.873212, 5, 0.174642
summa, 1, 1, 1, naive, 512, 512, 512, 1, 1, 32, 1.013627, 5, 0.202725
summa, 1, 2, 1, naive, 512, 512, 512, 2, 1, 8, 0.803366, 5, 0.160673
summa, 1, 2, 1, naive, 512, 512, 512, 2, 1, 16, 0.713161, 5, 0.142632
summa, 1, 2, 1, naive, 512, 512, 512, 2, 1, 32, 0.828130, 5, 0.165626
summa, 1, 4, 1, naive, 512, 512, 512, 4, 1, 8, 0.415156, 5, 0.083031
summa, 1, 4, 1, naive, 512, 512, 512, 4, 1, 16, 0.214964, 5, 0.042993
summa, 1, 4, 1, naive, 512, 512, 512, 4, 1, 32, 0.212664, 5, 0.042533
summa, 1, 8, 1, naive, 512, 512, 512, 8, 1, 8, 0.310679, 5, 0.062136
summa, 1, 8, 1, naive, 512, 512, 512, 8, 1, 16, 0.277584, 5, 0.055517
summa, 1, 8, 1, naive, 512, 512, 512, 8, 1, 32, 0.244383, 5, 0.048877
summa, 1, 1, 1, naive, 512, 512, 1024, 1, 1, 8, 1.782116, 5, 0.356423
summa, 1, 1, 1, naive, 512, 512, 1024, 1, 1, 16, 1.756130, 5, 0.351226
summa, 1, 1, 1, naive, 512, 512, 1024, 1, 1, 32, 2.020705, 5, 0.404141
summa, 1, 2, 1, naive, 512, 512, 1024, 2, 1, 8, 0.924785, 5, 0.184957
summa, 1, 2, 1, naive, 512, 512, 1024, 2, 1, 16, 1.426090, 5, 0.285218
summa, 1, 2, 1, naive, 512, 512, 1024, 2, 1, 32, 0.942917, 5, 0.188583
summa, 1, 4, 1, naive, 512, 512, 1024, 4, 1, 8, 0.896190, 5, 0.179238
summa, 1, 4, 1, naive, 512, 512, 1024, 4, 1, 16, 0.744121, 5, 0.148824
summa, 1, 4, 1, naive, 512, 512, 1024, 4, 1, 32, 0.731473, 5, 0.146295
summa, 1, 8, 1, naive, 512, 512, 1024, 8, 1, 8, 0.567868, 5, 0.113574
summa, 1, 8, 1, naive, 512, 512, 1024, 8, 1, 16, 0.444180, 5, 0.088836
summa, 1, 8, 1, naive, 512, 512, 1024, 8, 1, 32, 0.473463, 5, 0.094693
summa, 1, 1, 1, naive, 512, 512, 2048, 1, 1, 8, 3.564351, 5, 0.712870
summa, 1, 1, 1, naive, 512, 512, 2048, 1, 1, 16, 3.476767, 5, 0.695353
summa, 1, 1, 1, naive, 512, 512, 2048, 1, 1, 32, 4.125695, 5, 0.825139
summa, 1, 2, 1, naive, 512, 512, 2048, 2, 1, 8, 3.334767, 5, 0.666953
summa, 1, 2, 1, naive, 512, 512, 2048, 2, 1, 16, 3.193812, 5, 0.638762
summa, 1, 2, 1, naive, 512, 512, 2048, 2, 1, 32, 3.382568, 5, 0.676514
summa, 1, 4, 1, naive, 512, 512, 2048, 4, 1, 8, 1.830766, 5, 0.366153
summa, 1, 4, 1, naive, 512, 512, 2048, 4, 1, 16, 0.987038, 5, 0.197408
summa, 1, 4, 1, naive, 512, 512, 2048, 4, 1, 32, 1.545752, 5, 0.309150
summa, 1, 8, 1, naive, 512, 512, 2048, 8, 1, 8, 1.157533, 5, 0.231507
summa, 1, 8, 1, naive, 512, 512, 2048, 8, 1, 16, 1.564667, 5, 0.312933
summa, 1, 8, 1, naive, 512, 512, 2048, 8, 1, 32, 0.904908, 5, 0.180982
summa, 1, 1, 1, naive, 512, 1024, 256, 1, 1, 8, 0.890755, 5, 0.178151
summa, 1, 1, 1, naive, 512, 1024, 256, 1, 1, 16, 0.868587, 5, 0.173717
summa, 1, 1, 1, naive, 512, 1024, 256, 1, 1, 32, 1.010482, 5, 0.202096
summa, 1, 2, 1, naive, 512, 1024, 256, 2, 1, 8, 0.724530, 5, 0.144906
summa, 1, 2, 1, naive, 512, 1024, 256, 2, 1, 16, 0.418987, 5, 0.083797
summa, 1, 2, 1, naive, 512, 1024, 256, 2, 1, 32, 0.824285, 5, 0.164857
summa, 1, 4, 1, naive, 512, 1024, 256, 4, 1, 8, 0.403518, 5, 0.080704
summa, 1, 4, 1, naive, 512, 1024, 256, 4, 1, 16, 0.430504, 5, 0.086101
summa, 1, 4, 1, naive, 512, 1024, 256, 4, 1, 32, 0.390117, 5, 0.078023
summa, 1, 8, 1, naive, 512, 1024, 256, 8, 1, 8, 0.289473, 5, 0.057895
summa, 1, 8, 1, naive, 512, 1024, 256, 8, 1, 16, 0.286415, 5, 0.057283
summa, 1, 8, 1, naive, 512, 1024, 256, 8, 1, 32, 0.248403, 5, 0.049681
summa, 1, 1, 1, naive, 512, 1024, 512, 1, 1, 8, 1.781532, 5, 0.356306
summa, 1, 1, 1, naive, 512, 1024, 512, 1, 1, 16, 1.739193, 5, 0.347839
summa, 1, 1, 1, naive, 512, 1024, 512, 1, 1, 32, 2.020861, 5, 0.404172
summa, 1, 2, 1, naive, 512, 1024, 512, 2, 1, 8, 0.915523, 5, 0.183105
summa, 1, 2, 1, naive, 512, 1024, 512, 2, 1, 16, 1.577134, 5, 0.315427
summa, 1, 2, 1, naive, 512, 1024, 512, 2, 1, 32, 0.933811, 5, 0.186762
summa, 1, 4, 1, naive, 512, 1024, 512, 4, 1, 8, 0.473395, 5, 0.094679
summa, 1, 4, 1, naive, 512, 1024, 512, 4, 1, 16, 0.763646, 5, 0.152729
summa, 1, 4, 1, naive, 512, 1024, 512, 4, 1, 32, 0.775176, 5, 0.155035
summa, 1, 8, 1, naive, 512, 1024, 512, 8, 1, 8, 0.488410, 5, 0.097682
summa, 1, 8, 1, naive, 512, 1024, 512, 8, 1, 16, 0.484742, 5, 0.096948
summa, 1, 8, 1, naive, 512, 1024, 512, 8, 1, 32, 0.457195, 5, 0.091439
summa, 1, 1, 1, naive, 512, 1024, 1024, 1, 1, 8, 3.564435, 5, 0.712887
summa, 1, 1, 1, naive, 512, 1024, 1024, 1, 1, 16, 3.476577, 5, 0.695315
summa, 1, 1, 1, naive, 512, 1024, 1024, 1, 1, 32, 4.053082, 5, 0.810616
summa, 1, 2, 1, naive, 512, 1024, 1024, 2, 1, 8, 3.443331, 5, 0.688666
summa, 1, 2, 1, naive, 512, 1024, 1024, 2, 1, 16, 3.025166, 5, 0.605033
summa, 1, 2, 1, naive, 512, 1024, 1024, 2, 1, 32, 3.349782, 5, 0.669956
summa, 1, 4, 1, naive, 512, 1024, 1024, 4, 1, 8, 1.783009, 5, 0.356602
summa, 1, 4, 1, naive, 512, 1024, 1024, 4, 1, 16, 1.567908, 5, 0.313582
summa, 1, 4, 1, naive, 512, 1024, 1024, 4, 1, 32, 1.512733, 5, 0.302547
summa, 1, 8, 1, naive, 512, 1024, 1024, 8, 1, 8, 0.616034, 5, 0.123207
summa, 1, 8, 1, naive, 512, 1024, 1024, 8, 1, 16, 0.726642, 5, 0.145328
summa, 1, 8, 1, naive, 512, 1024, 1024, 8, 1, 32, 0.644455, 5, 0.128891
summa, 1, 1, 1, naive, 512, 1024, 2048, 1, 1, 8, 7.128479, 5, 1.425696
summa, 1, 1, 1, naive, 512, 1024, 2048, 1, 1, 16, 6.954904, 5, 1.390981
summa, 1, 1, 1, naive, 512, 1024, 2048, 1, 1, 32, 8.102649, 5, 1.620530
summa, 1, 2, 1, naive, 512, 1024, 2048, 2, 1, 8, 6.784852, 5, 1.356970
summa, 1, 2, 1, naive, 512, 1024, 2048, 2, 1, 16, 3.352347, 5, 0.670469
summa, 1, 2, 1, naive, 512, 1024, 2048, 2, 1, 32, 6.892586, 5, 1.378517
summa, 1, 4, 1, naive, 512, 1024, 2048, 4, 1, 8, 3.514644, 5, 0.702929
summa, 1, 4, 1, naive, 512, 1024, 2048, 4, 1, 16, 3.244205, 5, 0.648841
summa, 1, 4, 1, naive, 512, 1024, 2048, 4, 1, 32, 3.088012, 5, 0.617602
summa, 1, 8, 1, naive, 512, 1024, 2048, 8, 1, 8, 1.922185, 5, 0.384437
summa, 1, 8, 1, naive, 512, 1024, 2048, 8, 1, 16, 1.026441, 5, 0.205288
summa, 1, 8, 1, naive, 512, 1024, 2048, 8, 1, 32, 1.649164, 5, 0.329833
summa, 1, 1, 1, naive, 512, 2048, 256, 1, 1, 8, 1.798979, 5, 0.359796
summa, 1, 1, 1, naive, 512, 2048, 256, 1, 1, 16, 1.747826, 5, 0.349565
summa, 1, 1, 1, naive, 512, 2048, 256, 1, 1, 32, 2.026254, 5, 0.405251
summa, 1, 2, 1, naive, 512, 2048, 256, 2, 1, 8, 0.919080, 5, 0.183816
summa, 1, 2, 1, naive, 512, 2048, 256, 2, 1, 16, 1.563042, 5, 0.312608
summa, 1, 2, 1, naive, 512, 2048, 256, 2, 1, 32, 1.606979, 5, 0.321396
summa, 1, 4, 1, naive, 512, 2048, 256, 4, 1, 8, 0.873759, 5, 0.174752
summa, 1, 4, 1, naive, 512, 2048, 256, 4, 1, 16, 0.818528, 5, 0.163706
summa, 1, 4, 1, naive, 512, 2048, 256, 4, 1, 32, 0.757557, 5, 0.151511
summa, 1, 8, 1, naive, 512, 2048, 256, 8, 1, 8, 0.504946, 5, 0.100989
summa, 1, 8, 1, naive, 512, 2048, 256, 8, 1, 16, 0.443178, 5, 0.088636
summa, 1, 8, 1, naive, 512, 2048, 256, 8, 1, 32, 0.696048, 5, 0.139210
summa, 1, 1, 1, naive, 512, 2048, 512, 1, 1, 8, 3.593290, 5, 0.718658
summa, 1, 1, 1, naive, 512, 2048, 512, 1, 1, 16, 3.491284, 5, 0.698257
summa, 1, 1, 1, naive, 512, 2048, 512, 1, 1, 32, 4.051298, 5, 0.810260
summa, 1, 2, 1, naive, 512, 2048, 512, 2, 1, 8, 3.512138, 5, 0.702428
summa, 1, 2, 1, naive, 512, 2048, 512, 2, 1, 16, 1.664452, 5, 0.332890
summa, 1, 2, 1, naive, 512, 2048, 512, 2, 1, 32, 2.207154, 5, 0.441431
summa, 1, 4, 1, naive, 512, 2048, 512, 4, 1, 8, 1.771718, 5, 0.354344
summa, 1, 4, 1, naive, 512, 2048, 512, 4, 1, 16, 1.616659, 5, 0.323332
summa, 1, 4, 1, naive, 512, 2048, 512, 4, 1, 32, 1.486293, 5, 0.297259
summa, 1, 8, 1, naive, 512, 2048, 512, 8, 1, 8, 0.663833, 5, 0.132767
summa, 1, 8, 1, naive, 512, 2048, 512, 8, 1, 16, 0.890685, 5, 0.178137
summa, 1, 8, 1, naive, 512, 2048, 512, 8, 1, 32, 0.523133, 5, 0.104627
summa, 1, 1, 1, naive, 512, 2048, 1024, 1, 1, 8, 7.179189, 5, 1.435838
summa, 1, 1, 1, naive, 512, 2048, 1024, 1, 1, 16, 6.979122, 5, 1.395824
summa, 1, 1, 1, naive, 512, 2048, 1024, 1, 1, 32, 8.096427, 5, 1.619285
summa, 1, 2, 1, naive, 512, 2048, 1024, 2, 1, 8, 4.586342, 5, 0.917268
summa, 1, 2, 1, naive, 512, 2048, 1024, 2, 1, 16, 6.007697, 5, 1.201539
summa, 1, 2, 1, naive, 512, 2048, 1024, 2, 1, 32, 3.691316, 5, 0.738263
summa, 1, 4, 1, naive, 512, 2048, 1024, 4, 1, 8, 1.926295, 5, 0.385259
summa, 1, 4, 1, naive, 512, 2048, 1024, 4, 1, 16, 3.244850, 5, 0.648970
summa, 1, 4, 1, naive, 512, 2048, 1024, 4, 1, 32, 3.048324, 5, 0.609665
summa, 1, 8, 1, naive, 512, 2048, 1024, 8, 1, 8, 2.827943, 5, 0.565589
summa, 1, 8, 1, naive, 512, 2048, 1024, 8, 1, 16, 1.070868, 5, 0.214174
summa, 1, 8, 1, naive, 512, 2048, 1024, 8, 1, 32, 1.704618, 5, 0.340924
summa, 1, 1, 1, naive, 512, 2048, 2048, 1, 1, 8, 14.350322, 5, 2.870064
summa, 1, 1, 1, naive, 512, 2048, 2048, 1, 1, 16, 13.952836, 5, 2.790567
summa, 1, 1, 1, naive, 512, 2048, 2048, 1, 1, 32, 16.252908, 5, 3.250582
summa, 1, 2, 1, naive, 512, 2048, 2048, 2, 1, 8, 13.809579, 5, 2.761916
summa, 1, 2, 1, naive, 512, 2048, 2048, 2, 1, 16, 6.771881, 5, 1.354376
summa, 1, 2, 1, naive, 512, 2048, 2048, 2, 1, 32, 9.534330, 5, 1.906866
summa, 1, 4, 1, naive, 512, 2048, 2048, 4, 1, 8, 7.089641, 5, 1.417928
summa, 1, 4, 1, naive, 512, 2048, 2048, 4, 1, 16, 6.475698, 5, 1.295140
summa, 1, 4, 1, naive, 512, 2048, 2048, 4, 1, 32, 3.274822, 5, 0.654964
summa, 1, 8, 1, naive, 512, 2048, 2048, 8, 1, 8, 4.899256, 5, 0.979851
summa, 1, 8, 1, naive, 512, 2048, 2048, 8, 1, 16, 3.443192, 5, 0.688638
summa, 1, 8, 1, naive, 512, 2048, 2048, 8, 1, 32, 3.320080, 5, 0.664016
summa, 1, 1, 1, naive, 1024, 256, 256, 1, 1, 8, 0.448978, 5, 0.089796
summa, 1, 1, 1, naive, 1024, 256, 256, 1, 1, 16, 0.459236, 5, 0.091847
summa, 1, 1, 1, naive, 1024, 256, 256, 1, 1, 32, 0.543387, 5, 0.108677
summa, 1, 2, 1, naive, 1024, 256, 256, 2, 1, 8, 0.276007, 5, 0.055201
summa, 1, 2, 1, naive, 1024, 256, 256, 2, 1, 16, 0.224394, 5, 0.044879
summa, 1, 2, 1, naive, 1024, 256, 256, 2, 1, 32, 0.257102, 5, 0.051420
summa, 1, 4, 1, naive, 1024, 256, 256, 4, 1, 8, 0.186981, 5, 0.037396
summa, 1, 4, 1, naive, 1024, 256, 256, 4, 1, 16, 0.153339, 5, 0.030668
summa, 1, 4, 1, naive, 1024, 256, 256, 4, 1, 32, 0.116970, 5, 0.023394
summa, 1, 8, 1, naive, 1024, 256, 256, 8, 1, 8, 0.151596, 5, 0.030319
summa, 1, 8, 1, naive, 1024, 256, 256, 8, 1, 16, 0.328045, 5, 0.065609
summa, 1, 8, 1, naive, 1024, 256, 256, 8, 1, 32, 0.154957, 5, 0.030991
summa, 1, 1, 1, naive, 1024, 256, 512, 1, 1, 8, 0.899315, 5, 0.179863
summa, 1, 1, 1, naive, 1024, 256, 512, 1, 1, 16, 0.948536, 5, 0.189707
summa, 1, 1, 1, naive, 1024, 256, 512, 1, 1, 32, 1.185151, 5, 0.237030
summa, 1, 2, 1, naive, 1024, 256, 512, 2, 1, 8, 0.465574, 5, 0.093115
summa, 1, 2, 1, naive, 1024, 256, 512, 2, 1, 16, 0.439721, 5, 0.087944
summa, 1, 2, 1, naive, 1024, 256, 512, 2, 1, 32, 0.511519, 5, 0.102304
summa, 1, 4, 1, naive, 1024, 256, 512, 4, 1, 8, 0.391730, 5, 0.078346
summa, 1, 4, 1, naive, 1024, 256, 512, 4, 1, 16, 0.606621, 5, 0.121324
summa, 1, 4, 1, naive, 1024, 256, 512, 4, 1, 32, 0.237179, 5, 0.047436
summa, 1, 8, 1, naive, 1024, 256, 512, 8, 1, 8, 0.228014, 5, 0.045603
summa, 1, 8, 1, naive, 1024, 256, 512, 8, 1, 16, 0.466265, 5, 0.093253
summa, 1, 8, 1, naive, 1024, 256, 512, 8, 1, 32, 0.251428, 5, 0.050286
summa, 1, 1, 1, naive, 1024, 256, 1024, 1, 1, 8, 1.804429, 5, 0.360886
summa, 1, 1, 1, naive, 1024, 256, 1024, 1, 1, 16, 2.000871, 5, 0.400174
summa, 1, 1, 1, naive, 1024, 256, 1024, 1, 1, 32, 2.371960, 5, 0.474392
summa, 1, 2, 1, naive, 1024, 256, 1024, 2, 1, 8, 1.709257, 5, 0.341851
summa, 1, 2, 1, naive, 1024, 256, 1024, 2, 1, 16, 1.640796, 5, 0.328159
summa, 1, 2, 1, naive, 1024, 256, 1024, 2, 1, 32, 1.934417, 5, 0.386883
summa, 1, 4, 1, naive, 1024, 256, 1024, 4, 1, 8, 0.910859, 5, 0.182172
summa, 1, 4, 1, naive, 1024, 256, 1024, 4, 1, 16, 0.758606, 5, 0.151721
summa, 1, 4, 1, naive, 1024, 256, 1024, 4, 1, 32, 0.866572, 5, 0.173314
summa, 1, 8, 1, naive, 1024, 256, 1024, 8, 1, 8, 0.373814, 5, 0.074763
summa, 1, 8, 1, naive, 1024, 256, 1024, 8, 1, 16, 0.348454, 5, 0.069691
summa, 1, 8, 1, naive, 1024, 256, 1024, 8, 1, 32, 0.579442, 5, 0.115888
summa, 1, 1, 1, naive, 1024, 256, 2048, 1, 1, 8, 3.598722, 5, 0.719744
summa, 1, 1, 1, naive, 1024, 256, 2048, 1, 1, 16, 3.688570, 5, 0.737714
summa, 1, 1, 1, naive, 1024, 256, 2048, 1, 1, 32, 4.847883, 5, 0.969577
summa, 1, 2, 1, naive, 1024, 256, 2048, 2, 1, 8, 3.441129, 5, 0.688226
summa, 1, 2, 1, naive, 1024, 256, 2048, 2, 1, 16, 3.432054, 5, 0.686411
summa, 1, 2, 1, naive, 1024, 256, 2048, 2, 1, 32, 3.988740, 5, 0.797748
summa, 1, 4, 1, naive, 1024, 256, 2048, 4, 1, 8, 1.706306, 5, 0.341261
summa, 1, 4, 1, naive, 1024, 256, 2048, 4, 1, 16, 0.841983, 5, 0.168397
summa, 1, 4, 1, naive, 1024, 256, 2048, 4, 1, 32, 1.764462, 5, 0.352892
summa, 1, 8, 1, naive, 1024, 256, 2048, 8, 1, 8, 0.611468, 5, 0.122294
summa, 1, 8, 1, naive, 1024, 256, 2048, 8, 1, 16, 0.475552, 5, 0.095110
summa, 1, 8, 1, naive, 1024, 256, 2048, 8, 1, 32, 1.345283, 5, 0.269057
summa, 1, 1, 1, naive, 1024, 512, 256, 1, 1, 8, 0.898021, 5, 0.179604
summa, 1, 1, 1, naive, 1024, 512, 256, 1, 1, 16, 0.913667, 5, 0.182733
summa, 1, 1, 1, naive, 1024, 512, 256, 1, 1, 32, 1.107784, 5, 0.221557
summa, 1, 2, 1, naive, 1024, 512, 256, 2, 1, 8, 0.845655, 5, 0.169131
summa, 1, 2, 1, naive, 1024, 512, 256, 2, 1, 16, 0.698105, 5, 0.139621
summa, 1, 2, 1, naive, 1024, 512, 256, 2, 1, 32, 0.543650, 5, 0.108730
summa, 1, 4, 1, naive, 1024, 512, 256, 4, 1, 8, 0.443802, 5, 0.088760
summa, 1, 4, 1, naive, 1024, 512, 256, 4, 1, 16, 1.221241, 5, 0.244248
summa, 1, 4, 1, naive, 1024, 512, 256, 4, 1, 32, 0.953817, 5, 0.190763
summa, 1, 8, 1, naive, 1024, 512, 256, 8, 1, 8, 0.293164, 5, 0.058633
summa, 1, 8, 1, naive, 1024, 512, 256, 8, 1, 16, 0.224243, 5, 0.044849
summa, 1, 8, 1, naive, 1024, 512, 256, 8, 1, 32, 0.221478, 5, 0.044296
summa, 1, 1, 1, naive, 1024, 512, 512, 1, 1, 8, 1.798171, 5, 0.359634
summa, 1, 1, 1, naive, 1024, 512, 512, 1, 1, 16, 1.829015, 5, 0.365803
summa, 1, 1, 1, naive, 1024, 512, 512, 1, 1, 32, 2.197829, 5, 0.439566
summa, 1, 2, 1, naive, 1024, 512, 512, 2, 1, 8, 0.903153, 5, 0.180631
summa, 1, 2, 1, naive, 1024, 512, 512, 2, 1, 16, 0.878672, 5, 0.175734
summa, 1, 2, 1, naive, 1024, 512, 512, 2, 1, 32, 1.053921, 5, 0.210784
summa, 1, 4, 1, naive, 1024, 512, 512, 4, 1, 8, 0.881250, 5, 0.176250
summa, 1, 4, 1, naive, 1024, 512, 512, 4, 1, 16, 0.421192, 5, 0.084238
summa, 1, 4, 1, naive, 1024, 512, 512, 4, 1, 32, 0.471887, 5, 0.094377
summa, 1, 8, 1, naive, 1024, 512, 512, 8, 1, 8, 0.465942, 5, 0.093188
summa, 1, 8, 1, naive, 1024, 512, 512, 8, 1, 16, 1.016054, 5, 0.203211
summa, 1, 8, 1, naive, 1024, 512, 512, 8, 1, 32, 1.621111, 5, 0.324222
summa, 1, 1, 1, naive, 1024, 512, 1024, 1, 1, 8, 3.678075, 5, 0.735615
summa, 1, 1, 1, naive, 1024, 512, 1024, 1, 1, 16, 3.717568, 5, 0.743514
summa, 1, 1, 1, naive, 1024, 512, 1024, 1, 1, 32, 4.425489, 5, 0.885098
summa, 1, 2, 1, naive, 1024, 512, 1024, 2, 1, 8, 2.458907, 5, 0.491781
summa, 1, 2, 1, naive, 1024, 512, 1024, 2, 1, 16, 3.335115, 5, 0.667023
summa, 1, 2, 1, naive, 1024, 512, 1024, 2, 1, 32, 3.798081, 5, 0.759616
summa, 1, 4, 1, naive, 1024, 512, 1024, 4, 1, 8, 1.862883, 5, 0.372577
summa, 1, 4, 1, naive, 1024, 512, 1024, 4, 1, 16, 1.543940, 5, 0.308788
summa, 1, 4, 1, naive, 1024, 512, 1024, 4, 1, 32, 1.764550, 5, 0.352910
summa, 1, 8, 1, naive, 1024, 512, 1024, 8, 1, 8, 0.899405, 5, 0.179881
summa, 1, 8, 1, naive, 1024, 512, 1024, 8, 1, 16, 2.478567, 5, 0.495713
summa, 1, 8, 1, naive, 1024, 512, 1024, 8, 1, 32, 0.854321, 5, 0.170864
summa, 1, 1, 1, naive, 1024, 512, 2048, 1, 1, 8, 7.195515, 5, 1.439103
summa, 1, 1, 1, naive, 1024, 512, 2048, 1, 1, 16, 7.318646, 5, 1.463729
summa, 1, 1, 1, naive, 1024, 512, 2048, 1, 1, 32, 9.158029, 5, 1.831606
summa, 1, 2, 1, naive, 1024, 512, 2048, 2, 1, 8, 5.507798, 5, 1.101560
summa, 1, 2, 1, naive, 1024, 512, 2048, 2, 1, 16, 3.587183, 5, 0.717437
summa, 1, 2, 1, naive, 1024, 512, 2048, 2, 1, 32, 4.164259, 5, 0.832852
summa, 1, 4, 1, naive, 1024, 512, 2048, 4, 1, 8, 3.476365, 5, 0.695273
summa, 1, 4, 1, naive, 1024, 512, 2048, 4, 1, 16, 3.168919, 5, 0.633784
summa, 1, 4, 1, naive, 1024, 512, 2048, 4, 1, 32, 3.521027, 5, 0.704205
summa, 1, 8, 1, naive, 1024, 512, 2048, 8, 1, 8, 3.066138, 5, 0.613228
summa, 1, 8, 1, naive, 1024, 512, 2048, 8, 1, 16, 1.697519, 5, 0.339504
summa, 1, 8, 1, naive, 1024, 512, 2048, 8, 1, 32, 0.951894, 5, 0.190379
summa, 1, 1, 1, naive, 1024, 1024, 256, 1, 1, 8, 1.811049, 5, 0.362210
summa, 1, 1, 1, naive, 1024, 1024, 256, 1, 1, 16, 1.858493, 5, 0.371699
summa, 1, 1, 1, naive, 1024, 1024, 256, 1, 1, 32, 2.341247, 5, 0.468249
summa, 1, 2, 1, naive, 1024, 1024, 256, 2, 1, 8, 0.913867, 5, 0.182773
summa, 1, 2, 1, naive, 1024, 1024, 256, 2, 1, 16, 1.542921, 5, 0.308584
summa, 1, 2, 1, naive, 1024, 1024, 256, 2, 1, 32, 1.896960, 5, 0.379392
summa, 1, 4, 1, naive, 1024, 1024, 256, 4, 1, 8, 0.474281, 5, 0.094856
summa, 1, 4, 1, naive, 1024, 1024, 256, 4, 1, 16, 1.156784, 5, 0.231357
summa, 1, 4, 1, naive, 1024, 1024, 256, 4, 1, 32, 1.143765, 5, 0.228753
summa, 1, 8, 1, naive, 1024, 1024, 256, 8, 1, 8, 0.250113, 5, 0.050023
summa, 1, 8, 1, naive, 1024, 1024, 256, 8, 1, 16, 0.914651, 5, 0.182930
summa, 1, 8, 1, naive, 1024, 1024, 256, 8, 1, 32, 0.300499, 5, 0.060100
summa, 1, 1, 1, naive, 1024, 1024, 512, 1, 1, 8, 3.622627, 5, 0.724525
summa, 1, 1, 1, naive, 1024, 1024, 512, 1, 1, 16, 3.822700, 5, 0.764540
summa, 1, 1, 1, naive, 1024, 1024, 512, 1, 1, 32, 4.508935, 5, 0.901787
summa, 1, 2, 1, naive, 1024, 1024, 512, 2, 1, 8, 3.312795, 5, 0.662559
summa, 1, 2, 1, naive, 1024, 1024, 512, 2, 1, 16, 1.799370, 5, 0.359874
summa, 1, 2, 1, naive, 1024, 1024, 512, 2, 1, 32, 3.963335, 5, 0.792667
summa, 1, 4, 1, naive, 1024, 1024, 512, 4, 1, 8, 2.510578, 5, 0.502116
summa, 1, 4, 1, naive, 1024, 1024, 512, 4, 1, 16, 1.586102, 5, 0.317220
summa, 1, 4, 1, naive, 1024, 1024, 512, 4, 1, 32, 1.766302, 5, 0.353260
summa, 1, 8, 1, naive, 1024, 1024, 512, 8, 1, 8, 0.900251, 5, 0.180050
summa, 1, 8, 1, naive, 1024, 1024, 512, 8, 1, 16, 1.571681, 5, 0.314336
summa, 1, 8, 1, naive, 1024, 1024, 512, 8, 1, 32, 0.851893, 5, 0.170379
summa, 1, 1, 1, naive, 1024, 1024, 1024, 1, 1, 8, 7.244825, 5, 1.448965
summa, 1, 1, 1, naive, 1024, 1024, 1024, 1, 1, 16, 7.342968, 5, 1.468594
summa, 1, 1, 1, naive, 1024, 1024, 1024, 1, 1, 32, 9.263720, 5, 1.852744
summa, 1, 2, 1, naive, 1024, 1024, 1024, 2, 1, 8, 7.018681, 5, 1.403736
summa, 1, 2, 1, naive, 1024, 1024, 1024, 2, 1, 16, 6.659773, 5, 1.331955
summa, 1, 2, 1, naive, 1024, 1024, 1024, 2, 1, 32, 4.151525, 5, 0.830305
summa, 1, 4, 1, naive, 1024, 1024, 1024, 4, 1, 8, 3.438889, 5, 0.687778
summa, 1, 4, 1, naive, 1024, 1024, 1024, 4, 1, 16, 1.674346, 5, 0.334869
summa, 1, 4, 1, naive, 1024, 1024, 1024, 4, 1, 32, 3.538636, 5, 0.707727
summa, 1, 8, 1, naive, 1024, 1024, 1024, 8, 1, 8, 1.855670, 5, 0.371134
summa, 1, 8, 1, naive, 1024, 1024, 1024, 8, 1, 16, 1.032697, 5, 0.206539
summa, 1, 8, 1, naive, 1024, 1024, 1024, 8, 1, 32, 1.584765, 5, 0.316953
summa, 1, 1, 1, naive, 1024, 1024, 2048, 1, 1, 8, 14.894603, 5, 2.978921
summa, 1, 1, 1, naive, 1024, 1024, 2048, 1, 1, 16, 14.413216, 5, 2.882643
summa, 1, 1, 1, naive, 1024, 1024, 2048, 1, 1, 32, 18.173834, 5, 3.634767
summa, 1, 2, 1, naive, 1024, 1024, 2048, 2, 1, 8, 7.194513, 5, 1.438903
summa, 1, 2, 1, naive, 1024, 1024, 2048, 2, 1, 16, 7.181484, 5, 1.436297
summa, 1, 2, 1, naive, 1024, 1024, 2048, 2, 1, 32, 8.338425, 5, 1.667685
summa, 1, 4, 1, naive, 1024, 1024, 2048, 4, 1, 8, 7.015661, 5, 1.403132
summa, 1, 4, 1, naive, 1024, 1024, 2048, 4, 1, 16, 3.354016, 5, 0.670803
summa, 1, 4, 1, naive, 1024, 1024, 2048, 4, 1, 32, 7.049210, 5, 1.409842
summa, 1, 8, 1, naive, 1024, 1024, 2048, 8, 1, 8, 2.050105, 5, 0.410021
summa, 1, 8, 1, naive, 1024, 1024, 2048, 8, 1, 16, 3.262940, 5, 0.652588
summa, 1, 8, 1, naive, 1024, 1024, 2048, 8, 1, 32, 3.222807, 5, 0.644561
summa, 1, 1, 1, naive, 1024, 2048, 256, 1, 1, 8, 3.636774, 5, 0.727355
summa, 1, 1, 1, naive, 1024, 2048, 256, 1, 1, 16, 3.680670, 5, 0.736134
summa, 1, 1, 1, naive, 1024, 2048, 256, 1, 1, 32, 4.455147, 5, 0.891029
summa, 1, 2, 1, naive, 1024, 2048, 256, 2, 1, 8, 3.391345, 5, 0.678269
summa, 1, 2, 1, naive, 1024, 2048, 256, 2, 1, 16, 3.360804, 5, 0.672161
summa, 1, 2, 1, naive, 1024, 2048, 256, 2, 1, 32, 3.341040, 5, 0.668208
summa, 1, 4, 1, naive, 1024, 2048, 256, 4, 1, 8, 1.714198, 5, 0.342840
summa, 1, 4, 1, naive, 1024, 2048, 256, 4, 1, 16, 1.580222, 5, 0.316044
summa, 1, 4, 1, naive, 1024, 2048, 256, 4, 1, 32, 1.778637, 5, 0.355727
summa, 1, 8, 1, naive, 1024, 2048, 256, 8, 1, 8, 0.922724, 5, 0.184545
summa, 1, 8, 1, naive, 1024, 2048, 256, 8, 1, 16, 0.825686, 5, 0.165137
summa, 1, 8, 1, naive, 1024, 2048, 256, 8, 1, 32, 0.809747, 5, 0.161949
summa, 1, 1, 1, naive, 1024, 2048, 512, 1, 1, 8, 7.274413, 5, 1.454883
summa, 1, 1, 1, naive, 1024, 2048, 512, 1, 1, 16, 7.519963, 5, 1.503993
summa, 1, 1, 1, naive, 1024, 2048, 512, 1, 1, 32, 9.028559, 5, 1.805712
summa, 1, 2, 1, naive, 1024, 2048, 512, 2, 1, 8, 6.947086, 5, 1.389417
summa, 1, 2, 1, naive, 1024, 2048, 512, 2, 1, 16, 3.532330, 5, 0.706466
summa, 1, 2, 1, naive, 1024, 2048, 512, 2, 1, 32, 7.394134, 5, 1.478827
summa, 1, 4, 1, naive, 1024, 2048, 512, 4, 1, 8, 3.547838, 5, 0.709568
summa, 1, 4, 1, naive, 1024, 2048, 512, 4, 1, 16, 3.280490, 5, 0.656098
summa, 1, 4, 1, naive, 1024, 2048, 512, 4, 1, 32, 3.523050, 5, 0.704610
summa, 1, 8, 1, naive, 1024, 2048, 512, 8, 1, 8, 1.845239, 5, 0.369048
summa, 1, 8, 1, naive, 1024, 2048, 512, 8, 1, 16, 1.710092, 5, 0.342018
summa, 1, 8, 1, naive, 1024, 2048, 512, 8, 1, 32, 1.582665, 5, 0.316533
